record_id,source_id,source_row_sha256,source_row,source_urls,id,priorita,ente,ipa,nome,n_atti,tipo,oggetto,importo_primo,importo_ultimo,importo_somma,importo_annuo,dal,al,periodi,url,fonte,note
row-8bd851e7db49134497441feb,R-001,03374e9a285fb6da995f14379b97b0855f13bf9ddf1ed4df1cbbf6826aa0428f,1,https://www.agenziaentrate.gov.it/portale/agenzia/amministrazione-trasparente/consulenze-e-collaborazioni/titolari-incarichi-coll-cons,R-001,alta,Agenzia delle Entrate,age,FANTAUZZI PAOLO GIOVANNI,4,rinnovo,Portavoce,7492.21,306000.00,n.d.,n.d.,2025-01-16,n.d.,2025-01-16–n.d. 7492.21; 2025-02-24–n.d. 45065.06; 2025-07-01–n.d. 102000.00; 2026-01-13–n.d. 306000.00,https://www.agenziaentrate.gov.it/portale/agenzia/amministrazione-trasparente/consulenze-e-collaborazioni/titolari-incarichi-coll-cons,nominativi-incarichi.tsv,"Portavoce AdE, 4 atti PerlaPA (7492.21; 45065.06; 102000; 306000 tetto pluriennale, non annualizzare); importo_somma n.d.: totale di cluster non in AT (somma atti non pubblicata)"
row-bbd125c5373ac716e7cd1e9a,R-002,f96f4c0d988f758995760496a5456fea5ac8c8a0de65f91789b97bf404c083c4,2,https://www.cnr.it/it/trasparenza/incarichi-altre-tipologie,R-002,alta,CNR,cnr,CANONICO FABRIZIO,2,rinnovo,2 oggetti; più frequente: incarichi extra-ruolo / altre tipologie,145000.00,36346.00,n.d.,n.d.,2020-05-11,2025-05-07,2020-05-11–2024-05-10 145000.00; 2024-05-17–2025-05-07 36346.00,https://www.cnr.it/it/trasparenza/incarichi-altre-tipologie,segnalazioni-card.tsv S-C8-0017 S-C8-0112,"extra-ruolo CNR, atti successivi sullo stesso elenco altre-tipologie; extra-ruolo CNR, atti distinti pubblicati; somma dei totali, non annualizzare; importo_somma n.d.: totale di cluster non in AT (somma atti non pubblicata)"
row-fb443b76217c44e7218834c2,R-003,dd71506687e3c74bee6c1544f810834460868fe8823210cf9949123a3157e9da,3,https://www.cnr.it/it/trasparenza/incarichi-altre-tipologie,R-003,alta,CNR,cnr,TRIFILETTI LUCIO,2,rinnovo,2 oggetti; più frequente: incarichi extra-ruolo / altre tipologie,145000.00,36346.00,n.d.,n.d.,2020-05-11,2025-04-29,2020-05-11–2024-05-10 145000.00; 2024-07-30–2025-04-29 36346.00,https://www.cnr.it/it/trasparenza/incarichi-altre-tipologie,segnalazioni-card.tsv S-C8-0018 S-C8-0113,"extra-ruolo CNR, atti successivi sullo stesso elenco altre-tipologie; extra-ruolo CNR, atti distinti pubblicati; somma dei totali, non annualizzare; importo_somma n.d.: totale di cluster non in AT (somma atti non pubblicata)"
row-c3f5ad7218cf017034264ec4,R-004,6c29e04cf829fd37e5440d8ecb32ffc537a9fc9f2ae25281119eec3ed33cd745,4,https://www.autorita-trasporti.it/trasparenza/consulenti-e-collaboratori-2/,R-004,alta,Autorità di regolazione dei trasporti,art,Irene Avanzini,2,rinnovo,Incarico di collaborazione in qualità di Esperto nelle materie giuridiche ai sensi dell’art. 17 del Regolamento sul trattamento giuridico ed economico del personale,80000.00,80000.00,n.d.,n.d.,2024-07-01,n.d.,2024-07-01–n.d. 80000.00; 2026-07-01–n.d. 80000.00,https://www.autorita-trasporti.it/trasparenza/consulenti-e-collaboratori-2/,nominativi-incarichi.tsv,importo_somma n.d.: totale di cluster non in AT (somma atti non pubblicata)
row-44e4269e1a6ebba66c960d98,R-005,2f73d92f1cf0ec4dfabed2537cf70a73d6ade45e94257e4d62eef73468672203,5,https://www.autorita-trasporti.it/trasparenza/consulenti-e-collaboratori-2/,R-005,alta,Autorità di regolazione dei trasporti,art,Marcello Risitano,2,rinnovo,Incarico di collaborazione in qualità di Esperto in materia di monitoraggio regolatorio ai sensi dell’art. 17 del Regolamento sul trattamento giuridico ed economico del personale,65000.00,65000.00,n.d.,n.d.,2023-09-15,n.d.,2023-09-15–n.d. 65000.00; 2025-09-15–n.d. 65000.00,https://www.autorita-trasporti.it/trasparenza/consulenti-e-collaboratori-2/,nominativi-incarichi.tsv,importo_somma n.d.: totale di cluster non in AT (somma atti non pubblicata)
row-af8b8cfebccddd4fdcd2cc8c,R-006,8593a4f1a52872cf2c469919b4159875de66d21529a2f44907f6892ccbd08efc,6,https://www.cnr.it/it/trasparenza/incarichi-altre-tipologie,R-006,alta,CNR,cnr,Bowbanks Gabriel Stuart,2,rinnovo,2 oggetti; più frequente: incarichi extra-ruolo / altre tipologie,96644.16,21600.00,n.d.,n.d.,2026-01-01,n.d.,2026-01-01–n.d. 96644.16; 2026-01-01–n.d. 21600.00,https://www.cnr.it/it/trasparenza/incarichi-altre-tipologie,segnalazioni-card.tsv S-C8-0023 S-C8-0259,"extra-ruolo CNR, atti successivi sullo stesso elenco altre-tipologie; importo_somma n.d.: totale di cluster non in AT (somma atti non pubblicata)"
row-dba78dcd89d4ebb60a5b8a06,R-007,a8beff75a635efb319ef7af7be078f5d2f61b611b889231034ff013678cab204,7,https://www.cnr.it/it/trasparenza/incarichi-altre-tipologie,R-007,alta,CNR,cnr,Saeed Faiza,2,rinnovo,2 oggetti; più frequente: incarichi extra-ruolo / altre tipologie,96644.16,18400.00,n.d.,n.d.,2026-04-13,2029-04-12,2026-04-13–2029-04-12 96644.16; 2026-04-13–2028-11-02 18400.00,https://www.cnr.it/it/trasparenza/incarichi-altre-tipologie,segnalazioni-card.tsv S-C8-0027 S-C8-0306,"extra-ruolo CNR, atti successivi sullo stesso elenco altre-tipologie; importo_somma n.d.: totale di cluster non in AT (somma atti non pubblicata)"
row-4a1d9f5d14afdabf83061e10,R-008,76e2c82b35d3c409472bea0b51b0df30a8beafd818faf67892e5fa57b8751bc7,8,https://www.autorita-trasporti.it/trasparenza/consulenti-e-collaboratori-2/,R-008,alta,Autorità di regolazione dei trasporti,art,Angela Fontana,2,rinnovo,Incarico di collaborazione in qualità di Esperto in materie giuridiche ai sensi dell’art. 17 del Regolamento sul trattamento giuridico ed economico del personale,45000.00,45000.00,n.d.,n.d.,2023-09-01,n.d.,2023-09-01–n.d. 45000.00; 2025-09-01–n.d. 45000.00,https://www.autorita-trasporti.it/trasparenza/consulenti-e-collaboratori-2/,nominativi-incarichi.tsv,importo_somma n.d.: totale di cluster non in AT (somma atti non pubblicata)
row-7d76f3d19b0052e37c48db27,R-009,6447154a4a93504cd695cc6f9e14f2ef51963d239da1ef2e0bed05ff1165be7c,9,https://www.agenziaitaliameteo.it/wp-content/uploads/2025/02/Atto_36_affidamento-incarico-Giulia-Pietrollini.pdf,R-009,alta,ItaliaMeteo,8W0Q4VWZ,Giulia Pietrollini,2,rinnovo,Atto 36,50000.00,40000.00,n.d.,n.d.,2026-12-31,2026-12-31,2026-12-31–2026-12-31 50000.00; n.d.–n.d. 40000.00,https://www.agenziaitaliameteo.it/wp-content/uploads/2025/02/Atto_36_affidamento-incarico-Giulia-Pietrollini.pdf,segnalazioni-card.tsv S-C3-94 S-C3-95,importo_somma n.d.: totale di cluster non in AT (somma atti non pubblicata)
row-8cda5f9233a372a9c4d759cd,R-010,16d378dd34099120d15a082501ed8a5f64dc1002a6bbb238cd2c7d09c6ae3a05,10,https://www.studigermanici.it/istituto/organizzazione/amministrazione-trasparente/titolari-di-incarichi/,R-010,alta,Istituto Italiano di Studi Germanici,iisg,CHIARAVALLI IACOPO,4,rinnovo,4 oggetti,22000.00,22000.00,n.d.,n.d.,2023-01-09,2027-04-30,2023-01-09–2024-01-08 22000.00; 2024-01-09–2025-01-08 22000.00; 2025-05-01–2026-04-30 22000.00; 2026-05-01–2027-04-30 22000.00,https://www.studigermanici.it/istituto/organizzazione/amministrazione-trasparente/titolari-di-incarichi/,segnalazioni-card.tsv S-C8-3081 S-C8-3082 S-C8-3123 S-C8-3140,oggetto non in card; classificato rinnovo per importi omogenei sullo stesso elenco; importo_somma n.d.: totale di cluster non in AT (somma atti non pubblicata)
row-94f23f6eea573097ed9d4636,R-011,26bb6ff2a491d14171c97d591dff5bae6beeb16d2312d82d0962c24ba60daf9e,11,https://www.cnr.it/it/trasparenza/incarichi-altre-tipologie,R-011,alta,CNR,cnr,ROCCATI ANNA,2,rinnovo,2 oggetti; più frequente: incarichi extra-ruolo / altre tipologie,43000.00,43008.00,n.d.,n.d.,2023-12-15,2027-11-30,2023-12-15–2025-06-14 43000.00; 2026-06-01–2027-11-30 43008.00,https://www.cnr.it/it/trasparenza/incarichi-altre-tipologie,segnalazioni-card.tsv S-C8-0098 S-C8-0099,"extra-ruolo CNR, atti successivi sullo stesso elenco altre-tipologie; importo_somma n.d.: totale di cluster non in AT (somma atti non pubblicata)"
row-7d020d9331ac00aa6e5cdd73,R-012,5f13e8f73fee43d141790a72888343b377718a59b3dfbb5c75ddf0715c62d33b,12,https://www.cnr.it/it/trasparenza/incarichi-altre-tipologie,R-012,alta,CNR,cnr,ENIA VALERIA,2,rinnovo,2 oggetti; più frequente: incarichi extra-ruolo / altre tipologie,45000.00,39000.00,n.d.,n.d.,2021-08-31,2027-09-24,2021-08-31–2024-08-30 45000.00; 2024-09-25–2027-09-24 39000.00,https://www.cnr.it/it/trasparenza/incarichi-altre-tipologie,segnalazioni-card.tsv S-C8-0088 S-C8-0106,"extra-ruolo CNR, atti successivi sullo stesso elenco altre-tipologie; importo_somma n.d.: totale di cluster non in AT (somma atti non pubblicata)"
row-20227265f4245d11e83be867,R-013,bf6a71f7c6f2dca9a0800d2014aaffa7a60f39c79a32972a068afa97276075b6,13,https://www.cnr.it/it/trasparenza/incarichi-altre-tipologie,R-013,alta,CNR,cnr,LORENZO GIUBILEO,2,rinnovo,2 oggetti; più frequente: incarichi extra-ruolo / altre tipologie,45000.00,39000.00,n.d.,n.d.,2021-06-17,2027-09-24,2021-06-17–2024-06-16 45000.00; 2024-09-25–2027-09-24 39000.00,https://www.cnr.it/it/trasparenza/incarichi-altre-tipologie,segnalazioni-card.tsv S-C8-0090 S-C8-0107,"extra-ruolo CNR, atti successivi sullo stesso elenco altre-tipologie; importo_somma n.d.: totale di cluster non in AT (somma atti non pubblicata)"
row-9e8d25176813852a38d94f5d,R-014,8dd6c103820a3180832308fd49f05ca1dd766e87e0d36f11dd1472209f075349,14,https://www.cnr.it/it/trasparenza/incarichi-altre-tipologie,R-014,alta,CNR,cnr,PEDATA Paola,2,rinnovo,2 oggetti; più frequente: incarichi extra-ruolo / altre tipologie,45000.00,39000.00,n.d.,n.d.,2021-05-11,2027-07-17,2021-05-11–2024-05-10 45000.00; 2024-07-18–2027-07-17 39000.00,https://www.cnr.it/it/trasparenza/incarichi-altre-tipologie,segnalazioni-card.tsv S-C8-0092 S-C8-0109,"extra-ruolo CNR, atti successivi sullo stesso elenco altre-tipologie; importo_somma n.d.: totale di cluster non in AT (somma atti non pubblicata)"
row-684164be3617dd6ff21e44e2,R-015,7736d60c6fc7c4daa06c9f71c629594259ed077d0616ffc9534c105354980ea1,15,https://www.agenas.gov.it/consulenti-collaboratori/titolari-di-incarichi-di-collaborazione-o-consulenza,R-015,alta,AGENAS,AGENAS,Marceglia Sara Renata Francesca,2,proroga,2 oggetti; più frequente: incarichi di consulenza,80000.00,80000.00,n.d.,n.d.,2025-01-14,2026-06-25,2025-01-14–2026-06-25 80000.00,https://www.agenas.gov.it/consulenti-collaboratori/titolari-di-incarichi-di-collaborazione-o-consulenza,segnalazioni-card.tsv S-C3-45,"riga unica in fonte che documenta conferimento + proroga (n_atti da atti nominati, importo non duplicato); proroga esplicita in fonte: «delibera n. 514 del 04/11/2024; proroga n. 244 del 05/06/2025 delibera n. 514 del 04/11/2024; proroga n. 244»; importo_somma n.d.: totale di cluster non in AT (somma atti non pubblicata)"
row-3a1cf7413d59f036ab4f9d31,R-016,5a3a6f88028c10800fb0dadbb342ccb980df2db2eb286b8129d5bd1373f037a2,16,https://www.autorita-trasporti.it/trasparenza/consulenti-e-collaboratori-2/,R-016,alta,Autorità di regolazione dei trasporti,art,Giacomo Petrosillo,2,rinnovo,Incarico di Collaboratore in materia di comunicazione interna ed esterna ai sensi dell’art. 17 del Regolamento sul trattamento giuridico ed economico del personale,30000.00,50000.00,n.d.,n.d.,2025-02-11,n.d.,2025-02-11–n.d. 30000.00; 2025-12-01–n.d. 50000.00,https://www.autorita-trasporti.it/trasparenza/consulenti-e-collaboratori-2/,nominativi-incarichi.tsv,importo_somma n.d.: totale di cluster non in AT (somma atti non pubblicata)
row-6545117c02d07a52eff9d4aa,R-017,f961082f38c92f2cb643d91f8b12e39cf636edde23eba6f233c5678a3aa05bb9,17,https://www.cnr.it/it/trasparenza/incarichi-altre-tipologie,R-017,alta,CNR,cnr,RICCIARELLI DAMIANO,2,rinnovo,2 oggetti; più frequente: incarichi extra-ruolo / altre tipologie,67921.45,4527.26,n.d.,n.d.,2026-04-07,n.d.,2026-04-07–n.d. 67921.45; 2026-04-07–n.d. 4527.26,https://www.cnr.it/it/trasparenza/incarichi-altre-tipologie,segnalazioni-card.tsv S-C8-0074 S-C8-0997,"extra-ruolo CNR, atti successivi sullo stesso elenco altre-tipologie; importo_somma n.d.: totale di cluster non in AT (somma atti non pubblicata)"
row-74e90c622fa68f32f29f90e1,R-018,0700d5e7289669347768171d821b5559713c8d2efe281f749d6d6dd65be75833,18,https://www.cnr.it/it/trasparenza/incarichi-altre-tipologie,R-018,alta,CNR,cnr,NARTENI SARA,2,rinnovo,2 oggetti; più frequente: incarichi extra-ruolo / altre tipologie,1814.47,70625.21,n.d.,n.d.,2026-05-13,2028-05-12,2026-05-13–2026-05-31 1814.47; 2026-06-01–2028-05-12 70625.21,https://www.cnr.it/it/trasparenza/incarichi-altre-tipologie,segnalazioni-card.tsv S-C8-0073 S-C8-1307,"extra-ruolo CNR, atti successivi sullo stesso elenco altre-tipologie; importo_somma n.d.: totale di cluster non in AT (somma atti non pubblicata)"
row-16db4494400198de9bc9f953,R-019,ced9fa9ac5a51817e360fcddd4dfc3205d37acb2883ada860464f6d54e8ff0a6,19,https://www.istat.it/storage/trasparenza/03-Consulenti-e-collaboratori/incarichi,R-019,alta,ISTAT,ISTAT,BARCA FLAVIA,2,rinnovo,2 oggetti,41400.00,30300.00,n.d.,n.d.,2024-05-03,n.d.,2024-05-03–n.d. 41400.00; 2024-05-03–n.d. 30300.00,https://www.istat.it/storage/trasparenza/03-Consulenti-e-collaboratori/incarichi di lavoro autonomo/Pubblicazione web_Esperti ISTAT aggiornato al 28_02_2026.xlsx,segnalazioni-card.tsv S-C8-1796 S-C8-1801,oggetto non in card; classificato rinnovo per importi omogenei sullo stesso elenco; importo_somma n.d.: totale di cluster non in AT (somma atti non pubblicata)
row-acf7c9e8f15f6bf14ca82dac,R-020,921368ae02e227987b16b650d3cf991a58d8481eb6d2b63e5f111c8f3759a44c,20,https://www.agenas.gov.it/consulenti-collaboratori/titolari-di-incarichi-di-collaborazione-o-consulenza,R-020,alta,AGENAS,AGENAS,Abbruzzese Massimiliano,2,proroga,2 oggetti; più frequente: incarichi di consulenza,70000.00,70000.00,n.d.,n.d.,n.d.,n.d.,n.d.–n.d. 70000.00,https://www.agenas.gov.it/consulenti-collaboratori/titolari-di-incarichi-di-collaborazione-o-consulenza,segnalazioni-card.tsv S-C3-13,"riga unica in fonte che documenta conferimento + proroga (n_atti da atti nominati, importo non duplicato); proroga esplicita in fonte: «proroghe n. 59/2026 e n. 83/2026 proroghe n. 59/2026 e n. 83/2026»; importo_somma n.d.: totale di cluster non in AT (somma atti non pubblicata)"
row-3c4992d495e08e27ab83b6d3,R-021,57fbb65d4d937b1866cdfa4bedfcebdda995e14f4e0089dc031156efd230e931,21,https://www.studigermanici.it/istituto/organizzazione/amministrazione-trasparente/titolari-di-incarichi/,R-021,alta,Istituto Italiano di Studi Germanici,iisg,BALDINI ILARIA,3,rinnovo,3 oggetti,22000.00,22000.00,n.d.,n.d.,2023-05-15,2026-11-10,2023-05-15–2024-05-14 22000.00; 2024-05-15–2025-05-14 22000.00; 2025-11-11–2026-11-10 22000.00,https://www.studigermanici.it/istituto/organizzazione/amministrazione-trasparente/titolari-di-incarichi/,segnalazioni-card.tsv S-C8-3093 S-C8-3102 S-C8-3136,oggetto non in card; classificato rinnovo per importi omogenei sullo stesso elenco; importo_somma n.d.: totale di cluster non in AT (somma atti non pubblicata)
row-9e7c743e5c8ca9958f2b741a,R-022,ddb6b4be11655551a500863517e73dda473a371f7bf498a838d95c5d99b0be0a,22,https://www.studigermanici.it/istituto/organizzazione/amministrazione-trasparente/titolari-di-incarichi/,R-022,alta,Istituto Italiano di Studi Germanici,iisg,CILENTI MICHELA,3,rinnovo,3 oggetti,22000.00,22000.00,n.d.,n.d.,2023-04-01,2026-03-31,2023-04-01–2024-03-31 22000.00; 2024-04-01–2025-03-31 22000.00; 2025-04-01–2026-03-31 22000.00,https://www.studigermanici.it/istituto/organizzazione/amministrazione-trasparente/titolari-di-incarichi/,segnalazioni-card.tsv S-C8-3076 S-C8-3077 S-C8-3078,oggetto non in card; classificato rinnovo per importi omogenei sullo stesso elenco; importo_somma n.d.: totale di cluster non in AT (somma atti non pubblicata)
row-556c272fab949d4e2bc74592,R-023,8616f8af87e2f98931d67e5252c445382f41a9cf2505f719d58ee85029ab2d57,23,https://www.studigermanici.it/istituto/organizzazione/amministrazione-trasparente/titolari-di-incarichi/,R-023,alta,Istituto Italiano di Studi Germanici,iisg,COMANDINI GIULIA,3,rinnovo,3 oggetti,22000.00,22000.00,n.d.,n.d.,2023-11-15,2026-11-14,2023-11-15–2024-11-14 22000.00; 2024-11-15–2025-11-14 22000.00; 2025-11-15–2026-11-14 22000.00,https://www.studigermanici.it/istituto/organizzazione/amministrazione-trasparente/titolari-di-incarichi/,segnalazioni-card.tsv S-C8-3083 S-C8-3084 S-C8-3137,oggetto non in card; classificato rinnovo per importi omogenei sullo stesso elenco; importo_somma n.d.: totale di cluster non in AT (somma atti non pubblicata)
row-c5730ac4f7c962c528c8ec26,R-024,a8761638a487530a159c0c315be7efff45a1a50944007370623d45a25d4828f7,24,https://www.studigermanici.it/istituto/organizzazione/amministrazione-trasparente/titolari-di-incarichi/,R-024,alta,Istituto Italiano di Studi Germanici,iisg,IANNUCCI GIULIA,3,rinnovo,3 oggetti,22000.00,22000.00,n.d.,n.d.,2023-01-09,2026-01-08,2023-01-09–2024-01-08 22000.00; 2024-01-09–2025-01-08 22000.00; 2025-01-09–2026-01-08 22000.00,https://www.studigermanici.it/istituto/organizzazione/amministrazione-trasparente/titolari-di-incarichi/,segnalazioni-card.tsv S-C8-3085 S-C8-3086 S-C8-3087,oggetto non in card; classificato rinnovo per importi omogenei sullo stesso elenco; importo_somma n.d.: totale di cluster non in AT (somma atti non pubblicata)
row-c08bd92b36ca0a121115b99b,R-025,311c414c5bed789e31acef0698c728cb3e4ab2d75dfd2ee60556309329271aac,25,https://www.agenas.gov.it/consulenti-collaboratori/titolari-di-incarichi-di-collaborazione-o-consulenza,R-025,alta,AGENAS,AGENAS,Russo Paolo,2,proroga,2 oggetti; più frequente: incarichi di consulenza,60000.00,60000.00,n.d.,n.d.,2026-02-25,2026-09-25,2026-02-25–2026-09-25 60000.00,https://www.agenas.gov.it/consulenti-collaboratori/titolari-di-incarichi-di-collaborazione-o-consulenza,segnalazioni-card.tsv S-C3-52,"riga unica in fonte che documenta conferimento + proroga (n_atti da atti nominati, importo non duplicato); proroga esplicita in fonte: «era commissariale n. 53 del 27/01/2026; proroga n. 171 del 25/06/2026 delibera commissariale n. 53 del 27/01/2026; pr»; importo_somma n.d.: totale di cluster non in AT (somma atti non pubblicata)"
row-1116d7095121a6ed12b7a59e,R-026,0d8524e2f378f25b042359932226e3f3c3ad20e5e2819f963d8ff1ee7c8449e5,26,https://www.autorita-trasporti.it/trasparenza/consulenti-e-collaboratori-2/,R-026,alta,Autorità di regolazione dei trasporti,art,Paolo Maria Ciabattoni,2,rinnovo,2 oggetti; più frequente: Delibera n. 118/2024 del 1° agosto 2024 12/09/2024 – 11/09/2027 Presidente del Nucleo di valutazione —– Dichiarazione ex,30000.00,30000.00,n.d.,n.d.,2021-08-02,2027-09-11,2021-08-02–2024-08-01 30000.00; 2024-09-12–2027-09-11 30000.00,https://www.autorita-trasporti.it/trasparenza/consulenti-e-collaboratori-2/,nominativi-incarichi.tsv,importo_somma n.d.: totale di cluster non in AT (somma atti non pubblicata)
row-9e0af0ab2b6dac5c1447f10d,R-027,174eae9b4770c5f2d43ce44eee8199cac882cbb4de5038cf377c2d4259ecc86d,27,https://www.autorita-trasporti.it/trasparenza/consulenti-e-collaboratori-2/,R-027,alta,Autorità di regolazione dei trasporti,art,Piero De Luca,2,rinnovo,Incarico di collaborazione in qualità di Esperto nei rapporti con le commissioni parlamentari ai sensi dell’art. 17 del Regolamento sul trattamento giuridico ed economico del perso,30000.00,30000.00,n.d.,n.d.,2023-09-01,n.d.,2023-09-01–n.d. 30000.00; 2025-09-01–n.d. 30000.00,https://www.autorita-trasporti.it/trasparenza/consulenti-e-collaboratori-2/,nominativi-incarichi.tsv,importo_somma n.d.: totale di cluster non in AT (somma atti non pubblicata)
row-94622561273a1c0cd402667a,R-028,83eeb4cc905ae1e0e64dbb0c14e5ebc730b2fd472f1a57c5e26f1b8c337fc77e,28,https://www.cnr.it/it/trasparenza/incarichi-altre-tipologie,R-028,alta,CNR,cnr,ROGLIANI STEFANO,2,rinnovo,2 oggetti; più frequente: incarichi extra-ruolo / altre tipologie,30000.00,30000.00,n.d.,n.d.,2021-02-04,2027-03-19,2021-02-04–2024-02-03 30000.00; 2024-03-20–2027-03-19 30000.00,https://www.cnr.it/it/trasparenza/incarichi-altre-tipologie,segnalazioni-card.tsv S-C8-0140 S-C8-0141,"extra-ruolo CNR, atti successivi sullo stesso elenco altre-tipologie; importo_somma n.d.: totale di cluster non in AT (somma atti non pubblicata)"
row-eab831f4cf7af77a6d2c0a33,R-029,c33f86dfbf2d067ec883a868872eb95020c89294adc0382876a407ac4644c7ad,29,https://www.cnr.it/it/trasparenza/incarichi-altre-tipologie,R-029,alta,CNR,cnr,VENTURINI CARLO,2,rinnovo,2 oggetti; più frequente: incarichi extra-ruolo / altre tipologie,30000.00,30000.00,n.d.,n.d.,2023-10-09,2024-08-08,2023-10-09–2024-08-08 30000.00; 2025-10-01–n.d. 30000.00,https://www.cnr.it/it/trasparenza/incarichi-altre-tipologie,segnalazioni-card.tsv S-C8-0147 S-C8-0148,"extra-ruolo CNR, atti successivi sullo stesso elenco altre-tipologie; importo_somma n.d.: totale di cluster non in AT (somma atti non pubblicata)"
row-9a6cf585f00588871db088c6,R-030,5d8faaa35a9e6a7738e9906117222e9fb07809495b873cae7bb9eaa460513550,30,https://www.cnel.it/chi-siamo/amministrazione-trasparente/consulenti-e-collaboratori/consulenze-e-incarichi,R-030,alta,Consiglio Nazionale dell'Economia e del Lavoro,cnel,Francesco Titotto,2,rinnovo,2 oggetti; più frequente: Capo della Segreteria Tecnica del Presidente,20000.00,40000.00,n.d.,n.d.,2023-11-15,n.d.,2023-11-15–n.d. 20000.00; 2024-09-01–n.d. 40000.00,https://www.cnel.it/chi-siamo/amministrazione-trasparente/consulenti-e-collaboratori/consulenze-e-incarichi,nominativi-incarichi.tsv,importo_somma n.d.: totale di cluster non in AT (somma atti non pubblicata)
row-8c6e99af8f036d684bcebc43,R-031,bdb3e0fbdc863c26883e59ba0fa6faa9d246364aff38349f8ce3cd67bcb7e077,31,https://www.cnel.it/chi-siamo/amministrazione-trasparente/consulenti-e-collaboratori/consulenze-e-incarichi,R-031,alta,Consiglio Nazionale dell'Economia e del Lavoro,cnel,Marco Benadusi,2,rinnovo,Capo dell'Ufficio Stampa,15000.00,40000.00,n.d.,n.d.,2024-04-01,n.d.,2024-04-01–n.d. 15000.00; 2025-01-01–n.d. 40000.00,https://www.cnel.it/chi-siamo/amministrazione-trasparente/consulenti-e-collaboratori/consulenze-e-incarichi,nominativi-incarichi.tsv,importo_somma n.d.: totale di cluster non in AT (somma atti non pubblicata)
row-38adedc8e6d12983bf718706,R-032,8a57da1428cb08003730bd680751155647b7d91f945655c8c3f8744c4bcbed89,32,https://www.istat.it/storage/trasparenza/03-Consulenti-e-collaboratori/incarichi,R-032,alta,ISTAT,ISTAT,MISIANI ANNA,2,rinnovo,2 oggetti,35100.00,19800.00,n.d.,n.d.,2024-05-03,n.d.,2024-05-03–n.d. 35100.00; 2024-05-03–n.d. 19800.00,https://www.istat.it/storage/trasparenza/03-Consulenti-e-collaboratori/incarichi di lavoro autonomo/Pubblicazione web_Esperti ISTAT aggiornato al 28_02_2026.xlsx,segnalazioni-card.tsv S-C8-1799 S-C8-1810,oggetto non in card; classificato rinnovo per importi omogenei sullo stesso elenco; importo_somma n.d.: totale di cluster non in AT (somma atti non pubblicata)
row-c1c847925a8a2e4253a617d0,R-033,4de4d5548f4b5486909382982a9875b52aea3d83fd8cbbca75e58feb36ccff49,33,https://www.cnr.it/it/trasparenza/incarichi-consulenza,R-033,alta,CNR,cnr,MONE FRANCESCO,2,rinnovo,2 oggetti; più frequente: incarichi di consulenza,25025.00,25025.00,n.d.,n.d.,2023-05-12,2025-04-09,2023-05-12–2024-04-11 25025.00; 2024-06-10–2025-04-09 25025.00,https://www.cnr.it/it/trasparenza/incarichi-consulenza,segnalazioni-card.tsv S-C8-0183 S-C8-0184,oggetto non in card; classificato rinnovo per importi omogenei sullo stesso elenco; importo_somma n.d.: totale di cluster non in AT (somma atti non pubblicata)
row-f499ec37cacf3ac61a69a15f,R-034,a3feee94daa2ff330702a4f23d145a6d3887ea1b825981b62a026014d0fde51d,34,https://www.agenas.gov.it/consulenti-collaboratori/titolari-di-incarichi-di-collaborazione-o-consulenza,R-034,alta,AGENAS,AGENAS,Enrichens Francesco,2,proroga,2 oggetti; più frequente: incarichi di consulenza,50000.00,50000.00,n.d.,n.d.,2022-10-25,2026-12-31,2022-10-25–2026-12-31 50000.00,https://www.agenas.gov.it/consulenti-collaboratori/titolari-di-incarichi-di-collaborazione-o-consulenza,segnalazioni-card.tsv S-C3-40,"riga unica in fonte che documenta conferimento + proroga (n_atti da atti nominati, importo non duplicato); proroga esplicita in fonte: «delibera n. 371 del 07/09/2022; proroga n. 149 del 10/04/2025 delibera n. 371 del 07/09/2022; proroga n. 149»; importo_somma n.d.: totale di cluster non in AT (somma atti non pubblicata)"
row-2b36808485119e03b062da5d,R-035,106768181f8e6fdacd0e0d8f7e7f561ab6e3fe78845aa8539c472885fb93cde9,35,https://www.agenas.gov.it/consulenti-collaboratori/titolari-di-incarichi-di-collaborazione-o-consulenza,R-035,alta,AGENAS,AGENAS,Leonardo Maria Rosaria,2,proroga,2 oggetti; più frequente: incarichi di consulenza,50000.00,50000.00,n.d.,n.d.,2024-02-05,2026-07-31,2024-02-05–2026-07-31 50000.00,https://www.agenas.gov.it/consulenti-collaboratori/titolari-di-incarichi-di-collaborazione-o-consulenza,segnalazioni-card.tsv S-C3-44,"riga unica in fonte che documenta conferimento + proroga (n_atti da atti nominati, importo non duplicato); proroga esplicita in fonte: «delibera n. 534 del 05/12/2023; proroga commissariale n. 15 del 15/01/2026 delibera n. 534 del 05/12/2023; pr»; importo_somma n.d.: totale di cluster non in AT (somma atti non pubblicata)"
row-a748812e0a3aa62dfe44c56f,R-036,f706dc628808f490222f1c36a300235fc1195866f41dc683ce55181d692815d5,36,https://www.cnr.it/it/trasparenza/incarichi-consulenza,R-036,alta,CNR,cnr,Di Benedetto Massimo,2,rinnovo,2 oggetti; più frequente: incarichi di consulenza,25000.00,25000.00,n.d.,n.d.,2023-03-16,2025-08-31,2023-03-16–2024-03-15 25000.00; 2024-09-01–2025-08-31 25000.00,https://www.cnr.it/it/trasparenza/incarichi-consulenza,segnalazioni-card.tsv S-C8-0188 S-C8-0189,oggetto non in card; classificato rinnovo per importi omogenei sullo stesso elenco; importo_somma n.d.: totale di cluster non in AT (somma atti non pubblicata)
row-cbaf162e738021d5b218a90a,R-037,dc548cfe10d76ce2c0b70b53ef28597aacb26162b4fd287e097bc5a104629899,37,https://www.cnel.it/chi-siamo/amministrazione-trasparente/consulenti-e-collaboratori/consulenze-e-incarichi,R-037,alta,Consiglio Nazionale dell'Economia e del Lavoro,cnel,Gian Paolo Gualaccini,2,rinnovo,Consigliere per i rapporti con le Parti sociali,20000.00,30000.00,n.d.,n.d.,2024-01-01,n.d.,2024-01-01–n.d. 20000.00; 2025-01-01–n.d. 30000.00,https://www.cnel.it/chi-siamo/amministrazione-trasparente/consulenti-e-collaboratori/consulenze-e-incarichi,nominativi-incarichi.tsv,importo_somma n.d.: totale di cluster non in AT (somma atti non pubblicata)
row-47b945192176bd6548d89b2b,R-038,9774eff8d553a13219dd3218968d33f3a6f804454d4b96f86b43cc8ed76f4661,38,https://www.indire.it/wp-content/uploads/2026/05/Elenco-incarichi-di-prestazione-dopera_aprile-2026-3-1-1.xlsx,R-038,alta,INDIRE,indire,Gueli Alessia,2,rinnovo,2 oggetti; più frequente: prestazione d'opera / collaborazione INDIRE,30000.00,19200.00,n.d.,n.d.,n.d.,n.d.,n.d.–n.d. 30000.00; n.d.–n.d. 19200.00,https://www.indire.it/wp-content/uploads/2026/05/Elenco-incarichi-di-prestazione-dopera_aprile-2026-3-1-1.xlsx,segnalazioni-card.tsv S-C8-2616 S-C8-2664,oggetto non in card; classificato rinnovo per importi omogenei sullo stesso elenco; importo_somma n.d.: totale di cluster non in AT (somma atti non pubblicata)
row-7c55bc68942d5119c9f5b889,R-039,f07e4c0f0574be689da3aaf533de8e610b2bbbd8e7f3055567194119c4f99f49,39,https://www.autorita-trasporti.it/trasparenza/consulenti-e-collaboratori-2/,R-039,alta,Autorità di regolazione dei trasporti,art,Pietro Russo,2,rinnovo,2 oggetti; più frequente: Delibera n. 21/2026 del 12 febbraio 2026 17/03/2026 – 16/03/2029 Presidente del Collegio dei Revisori —– Dichiarazione e,18000.00,28800.00,n.d.,n.d.,2024-05-23,2029-03-16,2024-05-23–2026-02-16 18000.00; 2026-03-17–2029-03-16 28800.00,https://www.autorita-trasporti.it/trasparenza/consulenti-e-collaboratori-2/,nominativi-incarichi.tsv,importo_somma n.d.: totale di cluster non in AT (somma atti non pubblicata)
row-f6af134c1d2997651da358ba,R-040,c92f84be2d9f024f38e67a830ce7c5b448763cdc8af10a1044876d082bdd4f44,40,https://www.agenas.gov.it/consulenti-collaboratori/titolari-di-incarichi-di-collaborazione-o-consulenza,R-040,alta,AGENAS,AGENAS,Mogami Ines Gonzalez Kuniko,2,proroga,2 oggetti; più frequente: incarichi di consulenza,45000.00,45000.00,n.d.,n.d.,2025-11-14,2026-07-31,2025-11-14–2026-07-31 45000.00,https://www.agenas.gov.it/consulenti-collaboratori/titolari-di-incarichi-di-collaborazione-o-consulenza,segnalazioni-card.tsv S-C3-46,"riga unica in fonte che documenta conferimento + proroga (n_atti da atti nominati, importo non duplicato); proroga esplicita in fonte: «ra commissariale n. 382 del 26/09/2025; proroga n. 14 del 15/01/2026 delibera commissariale n. 382 del 26/09/2025; pr»; importo_somma n.d.: totale di cluster non in AT (somma atti non pubblicata)"
row-b41fc68a3eb5d99844f91939,R-041,bac61e8eda54aaf973f019cca4badff25408e8f5b64b61a538d44579cc020b90,41,https://www.studigermanici.it/istituto/organizzazione/amministrazione-trasparente/titolari-di-incarichi/,R-041,alta,Istituto Italiano di Studi Germanici,iisg,COVA MATTEO,2,rinnovo,2 oggetti,22000.00,22000.00,n.d.,n.d.,2024-09-15,2026-09-14,2024-09-15–2025-09-14 22000.00; 2025-09-15–2026-09-14 22000.00,https://www.studigermanici.it/istituto/organizzazione/amministrazione-trasparente/titolari-di-incarichi/,segnalazioni-card.tsv S-C8-3109 S-C8-3134,oggetto non in card; classificato rinnovo per importi omogenei sullo stesso elenco; importo_somma n.d.: totale di cluster non in AT (somma atti non pubblicata)
row-e9d7695f582e459c96804a6b,R-042,0473b25443a613c4a6289b2add45dd534f9c2596b66652b6e0e84b51953a81db,42,https://www.studigermanici.it/istituto/organizzazione/amministrazione-trasparente/titolari-di-incarichi/,R-042,alta,Istituto Italiano di Studi Germanici,iisg,MARIO MARINO,2,rinnovo,2 oggetti,22000.00,22000.00,n.d.,n.d.,2024-03-15,2026-03-14,2024-03-15–2025-03-14 22000.00; 2025-03-15–2026-03-14 22000.00,https://www.studigermanici.it/istituto/organizzazione/amministrazione-trasparente/titolari-di-incarichi/,segnalazioni-card.tsv S-C8-3101 S-C8-3114,oggetto non in card; classificato rinnovo per importi omogenei sullo stesso elenco; importo_somma n.d.: totale di cluster non in AT (somma atti non pubblicata)
row-69a6be8db170687c5e0bd26a,R-043,568ead0adb568dfcc4482792d0b99b46812d8da79e9215652c59187c934102e4,43,https://www.studigermanici.it/istituto/organizzazione/amministrazione-trasparente/titolari-di-incarichi/,R-043,alta,Istituto Italiano di Studi Germanici,iisg,ROMANZI ANDREA,2,rinnovo,2 oggetti,22000.00,22000.00,n.d.,n.d.,2023-03-01,2025-02-28,2023-03-01–2024-02-29 22000.00; 2024-03-01–2025-02-28 22000.00,https://www.studigermanici.it/istituto/organizzazione/amministrazione-trasparente/titolari-di-incarichi/,segnalazioni-card.tsv S-C8-3088 S-C8-3089,oggetto non in card; classificato rinnovo per importi omogenei sullo stesso elenco; importo_somma n.d.: totale di cluster non in AT (somma atti non pubblicata)
row-b3ba74c3ae4c288d77efba8d,R-044,5a9462bcf568ae264360e2807242868e49b8f5eff2c70639e7b1e289c60722a8,44,https://www.studigermanici.it/istituto/organizzazione/amministrazione-trasparente/titolari-di-incarichi/,R-044,alta,Istituto Italiano di Studi Germanici,iisg,ZUPANCIC MATTEO,2,rinnovo,2 oggetti,22000.00,22000.00,n.d.,n.d.,2023-03-15,2025-03-14,2023-03-15–2024-03-14 22000.00; 2024-03-15–2025-03-14 22000.00,https://www.studigermanici.it/istituto/organizzazione/amministrazione-trasparente/titolari-di-incarichi/,segnalazioni-card.tsv S-C8-3090 S-C8-3091,oggetto non in card; classificato rinnovo per importi omogenei sullo stesso elenco; importo_somma n.d.: totale di cluster non in AT (somma atti non pubblicata)
row-e3f6a3615dc9a11c0b542cae,R-045,6ff119238c10f075dde878572483a10d4089925670c60f85455ecc723cdcacc1,45,https://www.cnr.it/it/trasparenza/incarichi-altre-tipologie,R-045,alta,CNR,cnr,DIODATO GIANLUCA,2,rinnovo,2 oggetti; più frequente: incarichi extra-ruolo / altre tipologie,18000.00,24000.00,n.d.,n.d.,2023-09-27,2027-01-06,2023-09-27–2024-06-26 18000.00; 2026-05-07–2027-01-06 24000.00,https://www.cnr.it/it/trasparenza/incarichi-altre-tipologie,segnalazioni-card.tsv S-C8-0210 S-C8-0308,"extra-ruolo CNR, atti successivi sullo stesso elenco altre-tipologie; importo_somma n.d.: totale di cluster non in AT (somma atti non pubblicata)"
row-70fa58041de0597668dda4ab,R-046,b8120337ef89b0861d35041ac1770eae9a0133f42334e485ea50438c151817a4,46,https://www.isinucleare.it/it/amministrazione-trasparente/consulenti-e-collaboratori/esperti,R-046,alta,ISIN,inlsnr,Carlo Celani,2,rinnovo,stesso atto 28/02/2024,35970.91,5700.00,n.d.,n.d.,2024-02-28,2026-02-27,2024-02-28–2026-02-27 35970.91; 2024-02-28–n.d. 5700.00,https://www.isinucleare.it/it/amministrazione-trasparente/consulenti-e-collaboratori/esperti,segnalazioni-card.tsv S-C3-78 S-C3-79,importo_somma n.d.: totale di cluster non in AT (somma atti non pubblicata)
row-d891ba686b00fad2522d271d,R-047,34987bacd1fba4904824670e6b2e97c77c635ffc872ac5d90616a2dcc7a8ddf2,47,https://www.cnr.it/it/trasparenza/incarichi-altre-tipologie,R-047,alta,CNR,cnr,ROSSI GIANLUCA,2,rinnovo,2 oggetti; più frequente: incarichi extra-ruolo / altre tipologie,25000.00,15800.00,n.d.,n.d.,2024-02-01,2025-03-31,2024-02-01–2024-07-31 25000.00; 2024-11-01–2025-03-31 15800.00,https://www.cnr.it/it/trasparenza/incarichi-altre-tipologie,segnalazioni-card.tsv S-C8-0197 S-C8-0350,"extra-ruolo CNR, atti successivi sullo stesso elenco altre-tipologie; importo_somma n.d.: totale di cluster non in AT (somma atti non pubblicata)"
row-e7221787ea6bddbe5d31f207,R-048,b2d4ec0e783e765990c7aeb28dc31020d8d83d33230e6f1b21fe392eb67c5388,48,https://www.cnr.it/it/trasparenza/incarichi-altre-tipologie,R-048,alta,CNR,cnr,Deidda Giorgia,2,rinnovo,2 oggetti; più frequente: incarichi extra-ruolo / altre tipologie,15000.00,25200.00,n.d.,n.d.,2023-05-02,2025-01-14,2023-05-02–2024-01-02 15000.00; 2024-01-15–2025-01-14 25200.00,https://www.cnr.it/it/trasparenza/incarichi-altre-tipologie,segnalazioni-card.tsv S-C8-0182 S-C8-0372,"extra-ruolo CNR, atti successivi sullo stesso elenco altre-tipologie; importo_somma n.d.: totale di cluster non in AT (somma atti non pubblicata)"
row-32e5b5a77fcc2093c5d266c1,R-049,03332fcb8d239e5ec855bc3f0b3cc85851431d05def8622f916561f825895f6e,49,https://www.cnr.it/it/trasparenza/incarichi-altre-tipologie,R-049,alta,CNR,cnr,INCANI Paolo,2,rinnovo,2 oggetti; più frequente: incarichi extra-ruolo / altre tipologie,24000.00,15000.00,n.d.,n.d.,2021-05-17,2027-06-24,2021-05-17–2024-05-16 24000.00; 2024-06-25–2027-06-24 15000.00,https://www.cnr.it/it/trasparenza/incarichi-altre-tipologie,segnalazioni-card.tsv S-C8-0211 S-C8-0377,"extra-ruolo CNR, atti successivi sullo stesso elenco altre-tipologie; importo_somma n.d.: totale di cluster non in AT (somma atti non pubblicata)"
row-94ba13e924a48f2cd9872135,R-050,f4eaedeef55e2e0a747b2578f6aeeab5e883ac6bf254561ee05e0dfa8b81a53f,50,https://www.cnr.it/it/trasparenza/incarichi-altre-tipologie,R-050,alta,CNR,cnr,DI LELLIS ANDREA MARIA,2,rinnovo,2 oggetti; più frequente: incarichi extra-ruolo / altre tipologie,16500.00,22000.00,n.d.,n.d.,2024-02-19,2027-01-06,2024-02-19–2024-11-18 16500.00; 2026-07-08–2027-01-06 22000.00,https://www.cnr.it/it/trasparenza/incarichi-altre-tipologie,segnalazioni-card.tsv S-C8-0256 S-C8-0332,"extra-ruolo CNR, atti successivi sullo stesso elenco altre-tipologie; importo_somma n.d.: totale di cluster non in AT (somma atti non pubblicata)"
row-c321312a896f5cabc4cf0c6c,R-051,a4c02f03a9caf4352c34fe06be5c1dec95a58d0d82eed56ab877ee9fad84b4ac,51,https://www.autorita-trasporti.it/trasparenza/consulenti-e-collaboratori-2/,R-051,alta,Autorità di regolazione dei trasporti,art,Paola Tongiani,2,rinnovo,2 oggetti; più frequente: Delibera n. 21/2026 del 12 febbraio 2026 17/03/2026 – 16/03/2029 Membro del Collegio dei revisori —– Dichiarazione ex ar,13000.00,24000.00,n.d.,n.d.,2023-02-17,2029-03-16,2023-02-17–2026-02-16 13000.00; 2026-03-17–2029-03-16 24000.00,https://www.autorita-trasporti.it/trasparenza/consulenti-e-collaboratori-2/,nominativi-incarichi.tsv,importo_somma n.d.: totale di cluster non in AT (somma atti non pubblicata)
row-2635c929682dbdedf0aeb2be,R-052,1c766986400016e8f3ad1f6f48325c80b65e7739b165642398d2e9e2767ef7a4,52,https://www.cnr.it/it/trasparenza/incarichi-altre-tipologie,R-052,alta,CNR,cnr,MASSIMO GLORIA,2,rinnovo,2 oggetti; più frequente: incarichi extra-ruolo / altre tipologie,11500.00,25000.00,n.d.,n.d.,2023-12-11,2025-06-24,2023-12-11–2024-06-10 11500.00; 2024-07-05–2025-06-24 25000.00,https://www.cnr.it/it/trasparenza/incarichi-altre-tipologie,segnalazioni-card.tsv S-C8-0194 S-C8-0483,"extra-ruolo CNR, atti successivi sullo stesso elenco altre-tipologie; importo_somma n.d.: totale di cluster non in AT (somma atti non pubblicata)"
row-a8ea53a49245ef512c95e528,R-053,867fc706be8a4353fc57782f21c60031fa690f71413a3db57bfa171fc1b141b0,53,https://www.istat.it/storage/trasparenza/03-Consulenti-e-collaboratori/incarichi,R-053,alta,ISTAT,ISTAT,MONTALTO VALENTINA,2,rinnovo,2 oggetti,21000.00,13200.00,n.d.,n.d.,2024-05-03,n.d.,2024-05-03–n.d. 21000.00; 2024-05-03–n.d. 13200.00,https://www.istat.it/storage/trasparenza/03-Consulenti-e-collaboratori/incarichi di lavoro autonomo/Pubblicazione web_Esperti ISTAT aggiornato al 28_02_2026.xlsx,segnalazioni-card.tsv S-C8-1809 S-C8-1813,oggetto non in card; classificato rinnovo per importi omogenei sullo stesso elenco; importo_somma n.d.: totale di cluster non in AT (somma atti non pubblicata)
row-ce532f2d48d610a9054f3713,R-054,50ebf083ecdf9e629cb27efda6736838e0bb5a472c01475a7101a39ab245ee52,54,https://www.cnr.it/it/trasparenza/incarichi-altre-tipologie,R-054,alta,CNR,cnr,ZAUPA SILVIA,2,rinnovo,2 oggetti; più frequente: incarichi extra-ruolo / altre tipologie,10850.00,20000.00,n.d.,n.d.,2023-11-20,2024-05-19,2023-11-20–2024-05-19 10850.00; 2025-10-30–n.d. 20000.00,https://www.cnr.it/it/trasparenza/incarichi-altre-tipologie,segnalazioni-card.tsv S-C8-0286 S-C8-0499,"extra-ruolo CNR, atti successivi sullo stesso elenco altre-tipologie; importo_somma n.d.: totale di cluster non in AT (somma atti non pubblicata)"
row-37f2101d2b90735608b720d3,R-055,5c601ff275eec613e372b9fc1133a677bcb2eab85c8f085dad296cb9739d7e19,55,https://www.cnr.it/it/trasparenza/incarichi-consulenza,R-055,alta,CNR,cnr,ALMERIGHI DOTT.SSA ALESSIA Almerighi Alessia,2,rinnovo,2 oggetti; più frequente: incarichi di consulenza,20200.00,10150.00,n.d.,n.d.,2025-11-10,2026-09-30,2025-11-10–2026-05-31 20200.00; 2026-06-05–2026-09-30 10150.00,https://www.cnr.it/it/trasparenza/incarichi-consulenza,segnalazioni-card.tsv S-C8-0276 S-C8-0525,oggetto non in card; classificato rinnovo per importi omogenei sullo stesso elenco; importo_somma n.d.: totale di cluster non in AT (somma atti non pubblicata)
row-40ae17d66eaa2fc69a09d105,R-056,679cdb2c93cfb8d6a452047553afb3cd4ebd3393ce64471438a12f0c2ecf99eb,56,https://www.agenas.gov.it/consulenti-collaboratori/titolari-di-incarichi-di-collaborazione-o-consulenza,R-056,alta,AGENAS,AGENAS,Bardi Luca,2,proroga,2 oggetti; più frequente: incarichi di consulenza,30000.00,30000.00,n.d.,n.d.,2025-04-09,2026-07-31,2025-04-09–2026-07-31 30000.00,https://www.agenas.gov.it/consulenti-collaboratori/titolari-di-incarichi-di-collaborazione-o-consulenza,segnalazioni-card.tsv S-C3-31,"riga unica in fonte che documenta conferimento + proroga (n_atti da atti nominati, importo non duplicato); proroga esplicita in fonte: «delibera n. 73 del 26/02/2025; proroga commissariale n. 13 del 15/01/2026 delibera n. 73 del 26/02/2025; pro»; importo_somma n.d.: totale di cluster non in AT (somma atti non pubblicata)"
row-e4edee403ecaff74fb1650d1,R-057,2af5cced21b74d75ad550db98709a2f259a99c0cb340c9cd97a6da95ff4942d0,57,https://www.cnr.it/it/trasparenza/incarichi-altre-tipologie,R-057,alta,CNR,cnr,MIGLIACCIO FRANCESCO,2,rinnovo,2 oggetti; più frequente: incarichi extra-ruolo / altre tipologie,4900.00,22500.00,n.d.,n.d.,2025-08-01,2027-06-30,2025-08-01–2025-10-31 4900.00; 2026-07-01–2027-06-30 22500.00,https://www.cnr.it/it/trasparenza/incarichi-altre-tipologie,segnalazioni-card.tsv S-C8-0241 S-C8-0936,"extra-ruolo CNR, atti successivi sullo stesso elenco altre-tipologie; importo_somma n.d.: totale di cluster non in AT (somma atti non pubblicata)"
row-877e5acd72ee5ba2776fbcfd,R-058,3cbb213aa2dfa2491ab549b39a3e38e6f35900434a17967e752e805867588fc5,58,https://www.agenas.gov.it/consulenti-collaboratori/titolari-di-incarichi-di-collaborazione-o-consulenza,R-058,alta,AGENAS,AGENAS,Pellicanò Angelo,2,proroga,2 oggetti; più frequente: incarichi di consulenza,27000.00,27000.00,n.d.,n.d.,2024-01-22,2025-07-10,2024-01-22–2025-07-10 27000.00,https://www.agenas.gov.it/consulenti-collaboratori/titolari-di-incarichi-di-collaborazione-o-consulenza,segnalazioni-card.tsv S-C3-49,"riga unica in fonte che documenta conferimento + proroga (n_atti da atti nominati, importo non duplicato); proroga esplicita in fonte: «del 23/11/2023 22/01/2024-21/01/2025 (proroga gratuita al 10/07/2025)»; importo_somma n.d.: totale di cluster non in AT (somma atti non pubblicata)"
row-efd854e084d6e861eb427f0c,R-059,0c81ff7d5e5d0780f5dcdc2342ebf758ddbac5d2567ae5582dcc96533997e961,59,https://www.cnr.it/it/trasparenza/incarichi-altre-tipologie,R-059,alta,CNR,cnr,ARENA VALENTINA,2,rinnovo,2 oggetti; più frequente: incarichi extra-ruolo / altre tipologie,5500.00,21252.96,n.d.,n.d.,2026-04-01,2027-03-31,2026-04-01–n.d. 5500.00; 2026-06-01–2027-03-31 21252.96,https://www.cnr.it/it/trasparenza/incarichi-altre-tipologie,segnalazioni-card.tsv S-C8-0269 S-C8-0852,"extra-ruolo CNR, atti successivi sullo stesso elenco altre-tipologie; importo_somma n.d.: totale di cluster non in AT (somma atti non pubblicata)"
row-636b58ca016f2dc956f7ad3a,R-060,49da2b7ea09e8da6be4eee0b0a72987494d30562c1a8daab4371bf79f2b749c4,60,https://www.agenas.gov.it/consulenti-collaboratori/titolari-di-incarichi-di-collaborazione-o-consulenza,R-060,alta,AGENAS,AGENAS,Bellia Chiara,2,proroga,2 oggetti; più frequente: incarichi di consulenza,22500.00,22500.00,n.d.,n.d.,2025-09-11,2026-05-17,2025-09-11–2026-05-17 22500.00,https://www.agenas.gov.it/consulenti-collaboratori/titolari-di-incarichi-di-collaborazione-o-consulenza,segnalazioni-card.tsv S-C3-32,"riga unica in fonte che documenta conferimento + proroga (n_atti da atti nominati, importo non duplicato); proroga esplicita in fonte: «delibera n. 332 del 31/07/2025; proroga commissariale n. 556 del 23/12/2025 delibera n. 332 del 31/07/2025; p»; importo_somma n.d.: totale di cluster non in AT (somma atti non pubblicata)"
row-585f289a8e3d8ada1bb0cc65,R-061,dae20fd2e2caec11e922e21f2d4b635c71fed283ac91142d76dfba37b6ead2a2,61,https://www.arera.it/amministrazione-trasparente/consulenti-e-collaboratori,R-061,alta,Autorità di Regolazione per Energia Reti e Ambiente,AEEG,Decastri Maurizio,2,proroga,Coordinatore del Nucleo di Valutazione e Controllo Strategico dichiarazione ex art. 15 D.Lgs. 33/2013 attestazione Delibera 613/2021/A Delibera 514/2024/A,n.d.,n.d.,n.d.,38000.00,2022-01-01,2026-06-30,2022-01-01–2026-06-30 n.d.,https://www.arera.it/amministrazione-trasparente/consulenti-e-collaboratori,nominativi-incarichi.tsv,"riga unica in fonte che documenta conferimento + proroga (n_atti da atti nominati, importo non duplicato); proroga esplicita in fonte: «514/2024/A 01/01/22 31/12/24 incarico prorogato sino al 30 giugno 2026 € 38.000/anno 2022-01-01»; proroga esplicita Delibera 514/2024/A sino al 30/06/2026"
row-25f216e5a36c7a35985badfa,R-062,eb13872bc5e52aa1baf64b09bd4cea8b1d21e3b4d9e76ed29bf55eb2aea92e5e,62,https://www.arera.it/amministrazione-trasparente/consulenti-e-collaboratori,R-062,alta,Autorità di Regolazione per Energia Reti e Ambiente,AEEG,Minoja Mario,2,proroga,Componente del Nucleo di Valutazione e Controllo Strategico dichiarazione ex art. 15 D.Lgs. 33/2013 attestazione Delibera 613/2021/A Delibera 514/2024/A,n.d.,n.d.,n.d.,35000.00,2022-01-01,2026-06-30,2022-01-01–2026-06-30 n.d.,https://www.arera.it/amministrazione-trasparente/consulenti-e-collaboratori,nominativi-incarichi.tsv,"riga unica in fonte che documenta conferimento + proroga (n_atti da atti nominati, importo non duplicato); proroga esplicita in fonte: «514/2024/A 01/01/22 31/12/24 incarico prorogato sino al 30 giugno 2026 € 35.000/anno 2022-01-01»; proroga esplicita Delibera 514/2024/A sino al 30/06/2026"
row-b46d1b38db7fcd0701e94fc9,R-063,b987ee0e3bf77c80cf063150844ac869934f64d007bd5516be4c40c2920652a5,63,https://www.arera.it/amministrazione-trasparente/consulenti-e-collaboratori,R-063,alta,Autorità di Regolazione per Energia Reti e Ambiente,AEEG,Valotti Giovanni,2,proroga,Vice Coordinatore del Nucleo di Valutazione e Controllo Strategico dichiarazione ex art. 15 D.Lgs. 33/2013 attestazione Delibera 613/2021/A Delibera 514/2024/A,n.d.,n.d.,n.d.,35000.00,2022-01-01,2026-06-30,2022-01-01–2026-06-30 n.d.,https://www.arera.it/amministrazione-trasparente/consulenti-e-collaboratori,nominativi-incarichi.tsv,"riga unica in fonte che documenta conferimento + proroga (n_atti da atti nominati, importo non duplicato); proroga esplicita in fonte: «514/2024/A 01/01/22 31/12/24 incarico prorogato sino al 30 giugno 2026 € 35.000/anno 2022-01-01»; proroga esplicita Delibera 514/2024/A sino al 30/06/2026"
row-d42c25a1e459dd1af8b361bc,R-064,d61122017f0fa6dcd2f6e2038ae25aafdb0a76dfee17138fed491f01237150f6,64,https://www.amministrazionetrasparente.enea.it/consulenti-e-collaboratori.html,R-064,media,ENEA,eanln_rm,Francesca Mammi,3,multi_incarico,3 oggetti,164700.00,73200.00,n.d.,n.d.,2025-07-01,2028-12-31,2025-07-01–2028-06-30 164700.00; 2025-07-01–2025-12-31 12200.00; 2026-01-01–2028-12-31 73200.00,https://www.amministrazionetrasparente.enea.it/consulenti-e-collaboratori.html,segnalazioni-card.tsv S-C8-1522 S-C8-1528 S-C8-1536,più incarichi distinti senza oggetto nominativo in card; importo_somma n.d.: totale di cluster non in AT (somma atti non pubblicata)
row-45f703606f80c5c9908a12dd,R-065,b6223a05e5ed65fdda0804674f2506410d093b9c3afa7ff1bf853d61f9ca414a,65,https://www.cnr.it/it/trasparenza/incarichi-consulenza,R-065,media,CNR,cnr,Piras Maria Rita,2,multi_incarico,2 oggetti; più frequente: incarichi di consulenza,167560.00,35610.00,n.d.,n.d.,2021-12-22,2026-05-31,2021-12-22–2026-05-31 167560.00; 2025-06-22–2026-05-31 35610.00,https://www.cnr.it/it/trasparenza/incarichi-consulenza,segnalazioni-card.tsv S-C8-0016 S-C8-0117,"sezioni AT diverse (es. consulenza vs altre-tipologie); atti distinti; non sono lo stesso contratto; 167560 e 35610 distinti, non annualizzare; importo_somma n.d.: totale di cluster non in AT (somma atti non pubblicata)"
row-7de022036a53a264a526f28d,R-066,f8784dee01a7160a47cc33c746ca1f9cee4b862a8f200f06e6e9dc23b01fc8eb,66,https://www.amministrazionetrasparente.enea.it/consulenti-e-collaboratori.html,R-066,media,ENEA,eanln_rm,Francesca Ardovini,2,multi_incarico,2 oggetti,9150.00,109800.00,n.d.,n.d.,2025-09-02,2029-03-08,2025-09-02–2025-12-31 9150.00; 2026-03-09–2029-03-08 109800.00,https://www.amministrazionetrasparente.enea.it/consulenti-e-collaboratori.html,segnalazioni-card.tsv S-C8-1523 S-C8-1542,più incarichi distinti senza oggetto nominativo in card; importo_somma n.d.: totale di cluster non in AT (somma atti non pubblicata)
row-b83a671c2900f5162f0c3586,R-067,ce4b6dbfdfe8dfb68b7e216b8cf73f511cd179baed2cf9216782176578ef0896,67,https://www.isprambiente.gov.it/it/amministrazione-trasparente/consulenti-e-collaboratori/consulenti-2/consulenti-1/montana-paolo-2,R-067,media,ISPRA,ispra_rm,MONTANA Paolo,4,multi_incarico,4 oggetti,83072.58,9896.64,n.d.,n.d.,n.d.,n.d.,n.d.–n.d. 83072.58; n.d.–n.d. 14264.45; n.d.–n.d. 10736.00; n.d.–n.d. 9896.64,https://www.isprambiente.gov.it/it/amministrazione-trasparente/consulenti-e-collaboratori/consulenti-2/consulenti-1/montana-paolo-2,segnalazioni-card.tsv S-C8-1584 S-C8-1629 S-C8-1636 S-C8-1638,sezioni AT diverse (es. consulenza vs altre-tipologie); atti distinti; importo_somma n.d.: totale di cluster non in AT (somma atti non pubblicata)
row-e5182e40668e0dc1c94a8e5b,R-068,d9b2771a4ea4783152e2704ed7d55ccc06df7156671facf8c762f239f055cd93,68,https://www.cnr.it/it/trasparenza/incarichi-altre-tipologie,R-068,media,CNR,cnr,SMIRIGLIA ROBERTO CALOGERO,4,multi_incarico,4 oggetti; più frequente: incarichi extra-ruolo / altre tipologie,36000.00,45000.00,n.d.,n.d.,2024-02-15,2026-12-31,2024-02-15–2025-02-14 36000.00; 2025-04-11–2025-11-10 16000.00; 2025-04-11–2025-11-11 9000.00; 2025-12-01–2026-12-31 45000.00,https://www.cnr.it/it/trasparenza/incarichi-altre-tipologie,segnalazioni-card.tsv S-C8-0095 S-C8-0116 S-C8-0348 S-C8-0623,più incarichi distinti senza oggetto nominativo in card; importo_somma n.d.: totale di cluster non in AT (somma atti non pubblicata)
row-ffd0adb6d75fafbcc96ba8bf,R-069,657f6b2eb3ab9da80e48547ba235a4895eedff019791bd2ba568e06c511c820a,69,https://www.istat.it/storage/trasparenza/03-Consulenti-e-collaboratori/incarichi,R-069,media,ISTAT,ISTAT,DELL'AQUILA LUIGI,3,multi_incarico,3 oggetti,50000.00,9000.00,n.d.,n.d.,2024-03-22,n.d.,2024-03-22–n.d. 50000.00; 2024-03-22–n.d. 43800.00; 2026-02-28–n.d. 9000.00,https://www.istat.it/storage/trasparenza/03-Consulenti-e-collaboratori/incarichi di lavoro autonomo/Pubblicazione web_Esperti ISTAT aggiornato al 28_02_2026.xlsx,segnalazioni-card.tsv S-C8-1787 S-C8-1793 S-C8-1826,più incarichi distinti senza oggetto nominativo in card; importo_somma n.d.: totale di cluster non in AT (somma atti non pubblicata)
row-a8f02d7e08dd3e092f9e4090,R-070,89e1f0fdb45e56d7301b92e9590ef9ce11daf387f8eb18af2af4cb5625b69e42,70,https://www.istat.it/storage/trasparenza/03-Consulenti-e-collaboratori/incarichi,R-070,media,ISTAT,ISTAT,MACRÌ MICHELE,3,multi_incarico,3 oggetti,50000.00,9000.00,n.d.,n.d.,2024-03-22,n.d.,2024-03-22–n.d. 50000.00; 2024-03-22–n.d. 42900.00; 2026-02-28–n.d. 9000.00,https://www.istat.it/storage/trasparenza/03-Consulenti-e-collaboratori/incarichi di lavoro autonomo/Pubblicazione web_Esperti ISTAT aggiornato al 28_02_2026.xlsx,segnalazioni-card.tsv S-C8-1790 S-C8-1795 S-C8-1827,più incarichi distinti senza oggetto nominativo in card; importo_somma n.d.: totale di cluster non in AT (somma atti non pubblicata)
row-33db36ce0d3c8745c1161df6,R-071,1fe7d6a08ca9bf0b03af83555b0407e4459c00c431269008da48c334d2ce8669,71,https://www.cnr.it/it/trasparenza/incarichi-consulenza,R-071,media,CNR,cnr,CARIA CRISTIAN ANTONIO,6,multi_incarico,6 oggetti; più frequente: incarichi di consulenza,18500.00,19204.00,n.d.,n.d.,2023-06-15,2026-09-26,2023-06-15–2024-04-14 18500.00; 2024-05-15–2024-07-14 4600.00; 2024-08-05–2025-02-04 17000.00; 2025-04-08–2025-12-07 29002.00; 2025-12-15–2026-02-14 7252.00; 2026-03-27–2026-09-26 19204.00,https://www.cnr.it/it/trasparenza/incarichi-consulenza,segnalazioni-card.tsv S-C8-0150 S-C8-0291 S-C8-0301 S-C8-0325 S-C8-0708 S-C8-0980 S-C8-0709,sezioni AT diverse (es. consulenza vs altre-tipologie); atti distinti; importo_somma n.d.: totale di cluster non in AT (somma atti non pubblicata)
row-9a827218d54c361e7344f075,R-072,26d955390f2d03c50eed41b0adf0a26a63e08d7356e22d0b05fd0a977c33ad48,72,https://www.cnr.it/it/trasparenza/incarichi-altre-tipologie,R-072,media,CNR,cnr,SABATINO RAFFAELLA,3,multi_incarico,3 oggetti; più frequente: incarichi extra-ruolo / altre tipologie,15000.00,72439.13,n.d.,n.d.,2025-04-08,2028-03-10,2025-04-08–n.d. 15000.00; 2025-12-17–n.d. 6500.00; 2026-03-11–2028-03-10 72439.13,https://www.cnr.it/it/trasparenza/incarichi-altre-tipologie,segnalazioni-card.tsv S-C8-0057 S-C8-0384 S-C8-0772,più incarichi distinti senza oggetto nominativo in card; importo_somma n.d.: totale di cluster non in AT (somma atti non pubblicata)
row-c4a59588fd7c7e3a8d2d3114,R-073,ac549a8e74659f48436bf2682221ad0efe2f04e50f393086e75efbad55960c46,73,https://www.amministrazionetrasparente.enea.it/consulenti-e-collaboratori.html,R-073,media,ENEA,eanln_rm,Lucia Di Renzo,2,multi_incarico,2 oggetti,250.00,91500.00,n.d.,n.d.,2025-06-04,2028-06-30,2025-06-04–n.d. 250.00; 2025-07-01–2028-06-30 91500.00,https://www.amministrazionetrasparente.enea.it/consulenti-e-collaboratori.html,segnalazioni-card.tsv S-C8-1524 S-C8-1582 S-C8-1531,più incarichi distinti senza oggetto nominativo in card; importo_somma n.d.: totale di cluster non in AT (somma atti non pubblicata)
row-0ff1db27aeda6f400aaa740f,R-074,cd715ffe5e47e403838c527e4cadd0cb52d550a4e9490b788fad01b1c49ee1d0,74,https://www.agenas.gov.it/consulenti-collaboratori/titolari-di-incarichi-di-collaborazione-o-consulenza,R-074,media,AGENAS,AGENAS,Cacciavillani Chiara,2,multi_incarico,2 oggetti; più frequente: incarichi di consulenza,10000.00,80000.00,n.d.,n.d.,2023-08-18,2026-08-27,2023-08-18–2024-06-12 10000.00; 2024-08-28–2026-08-27 80000.00,https://www.agenas.gov.it/consulenti-collaboratori/titolari-di-incarichi-di-collaborazione-o-consulenza,segnalazioni-card.tsv S-C3-10 S-C3-36,più incarichi distinti senza oggetto nominativo in card; importo_somma n.d.: totale di cluster non in AT (somma atti non pubblicata)
row-344413346fceb9e850323987,R-075,9b417210d7d930d312b7250c303ca0c90a20d702f3db329d3a61e8e27670a0d4,75,https://www.istat.it/storage/trasparenza/03-Consulenti-e-collaboratori/incarichi,R-075,media,ISTAT,ISTAT,DI LASCIO FRANCESCA,3,multi_incarico,3 oggetti,50000.00,12000.00,n.d.,n.d.,2024-03-22,n.d.,2024-03-22–n.d. 50000.00; 2024-03-22–n.d. 26700.00; 2026-02-28–n.d. 12000.00,https://www.istat.it/storage/trasparenza/03-Consulenti-e-collaboratori/incarichi di lavoro autonomo/Pubblicazione web_Esperti ISTAT aggiornato al 28_02_2026.xlsx,segnalazioni-card.tsv S-C8-1788 S-C8-1804 S-C8-1818,più incarichi distinti senza oggetto nominativo in card; importo_somma n.d.: totale di cluster non in AT (somma atti non pubblicata)
row-016629af68a38d3e4f74bfeb,R-076,5b297d5c8984a4b9a7b995d7a16c4df20e2251b3c6b431ea95f8a16e70b25da1,76,https://www.istat.it/storage/trasparenza/03-Consulenti-e-collaboratori/incarichi,R-076,media,ISTAT,ISTAT,CAPORALE FEDERICO,3,multi_incarico,3 oggetti,50000.00,12000.00,n.d.,n.d.,2024-07-22,n.d.,2024-07-22–n.d. 50000.00; 2024-07-22–n.d. 25800.00; 2026-02-28–n.d. 12000.00,https://www.istat.it/storage/trasparenza/03-Consulenti-e-collaboratori/incarichi di lavoro autonomo/Pubblicazione web_Esperti ISTAT aggiornato al 28_02_2026.xlsx,segnalazioni-card.tsv S-C8-1785 S-C8-1805 S-C8-1816,più incarichi distinti senza oggetto nominativo in card; importo_somma n.d.: totale di cluster non in AT (somma atti non pubblicata)
row-9bc0f4e08b2e10da45b16fc8,R-077,bdf0b05b22857809860dcdd4f1e7f3924c4877d2ef8c6726447bf4ccaa56b6a3,77,https://www.cnr.it/it/trasparenza/incarichi-altre-tipologie,R-077,media,CNR,cnr,PAPPALETTERA Annelisa,4,multi_incarico,4 oggetti; più frequente: incarichi di consulenza,45000.00,39000.00,n.d.,n.d.,2021-05-05,2027-06-05,2021-05-05–2024-05-04 45000.00; 2021-09-20–2024-05-04 1000.00; 2023-01-16–2024-12-31 2500.00; 2024-06-06–2027-06-05 39000.00,https://www.cnr.it/it/trasparenza/incarichi-altre-tipologie,segnalazioni-card.tsv S-C8-0091 S-C8-0108 S-C8-1233 S-C8-1376,sezioni AT diverse (es. consulenza vs altre-tipologie); atti distinti; importo_somma n.d.: totale di cluster non in AT (somma atti non pubblicata)
row-6bb6505a827e5756bb2235f8,R-078,9570c190456711db91ba3d48d640ff95d883a3738b889d5cde1a66dc38d71fc3,78,https://www.cnr.it/it/trasparenza/incarichi-consulenza,R-078,media,CNR,cnr,BALACI LENUTA,4,multi_incarico,4 oggetti; più frequente: incarichi di consulenza,28500.00,10150.00,n.d.,n.d.,2023-09-01,2026-05-31,2023-09-01–2024-08-31 28500.00; 2024-09-27–2025-09-15 28500.00; 2025-11-10–2026-05-31 20200.00; 2026-06-05–n.d. 10150.00,https://www.cnr.it/it/trasparenza/incarichi-consulenza,segnalazioni-card.tsv S-C8-0154 S-C8-0155 S-C8-0277 S-C8-0526,sezioni AT diverse (es. consulenza vs altre-tipologie); atti distinti; importo_somma n.d.: totale di cluster non in AT (somma atti non pubblicata)
row-f89e5af8c7a443de8b729c28,R-079,46b9ef44242bbc1d1489f74a7635e8a1a3884ed49a41041b6f3d9b48dd491bdb,79,https://www.cnr.it/it/trasparenza/incarichi-consulenza,R-079,media,CNR,cnr,LOI FRANCESCO,4,multi_incarico,4 oggetti; più frequente: incarichi di consulenza,28500.00,10150.00,n.d.,n.d.,2023-09-01,2026-09-30,2023-09-01–2024-08-31 28500.00; 2024-09-16–2025-09-15 28500.00; 2025-11-10–2026-05-31 20200.00; 2026-06-05–2026-09-30 10150.00,https://www.cnr.it/it/trasparenza/incarichi-consulenza,segnalazioni-card.tsv S-C8-0158 S-C8-0159 S-C8-0278 S-C8-0527,sezioni AT diverse (es. consulenza vs altre-tipologie); atti distinti; importo_somma n.d.: totale di cluster non in AT (somma atti non pubblicata)
row-b990250f21a1472d6eda3e8f,R-080,6801d242b225e242021f380402abe6c31cfbccd314bf77c4d7015afccb211fd1,80,https://www.amministrazionetrasparente.enea.it/consulenti-e-collaboratori.html,R-080,media,ENEA,eanln_rm,Katia Ripamonti,2,multi_incarico,2 oggetti,12200.00,73200.00,n.d.,n.d.,2025-07-01,2028-12-31,2025-07-01–2025-12-31 12200.00; 2026-01-01–2028-12-31 73200.00,https://www.amministrazionetrasparente.enea.it/consulenti-e-collaboratori.html,segnalazioni-card.tsv S-C8-1527 S-C8-1538,più incarichi distinti senza oggetto nominativo in card; importo_somma n.d.: totale di cluster non in AT (somma atti non pubblicata)
row-91c036302e2f2e6d4b0e8d40,R-081,7d4202dfedcc4755b8d0aec00716a4a372857b2c8d78ff0beb932f78f1c272c0,81,https://www.cnr.it/it/trasparenza/incarichi-consulenza,R-081,media,CNR,cnr,SANTONI FEDERICO ANDREA,2,multi_incarico,2 oggetti; più frequente: incarichi di consulenza,40000.00,45000.00,n.d.,n.d.,2024-03-01,2025-02-28,2024-03-01–2025-02-28 40000.00; 2025-11-17–n.d. 45000.00,https://www.cnr.it/it/trasparenza/incarichi-consulenza,segnalazioni-card.tsv S-C8-0094 S-C8-0103,sezioni AT diverse (es. consulenza vs altre-tipologie); atti distinti; importo_somma n.d.: totale di cluster non in AT (somma atti non pubblicata)
row-b2d4b274fc1b53f2991aee2c,R-082,fc5ea9d5d959f0fec96a40426e5962b9d9fc7a27a0fb4bfdadcf254fd9a0342d,82,https://www.istat.it/storage/trasparenza/03-Consulenti-e-collaboratori/incarichi,R-082,media,ISTAT,ISTAT,CARUSO GIOVANNI MARIA,3,multi_incarico,3 oggetti,50000.00,12000.00,n.d.,n.d.,2024-08-05,n.d.,2024-08-05–n.d. 50000.00; 2024-08-05–n.d. 22500.00; 2026-02-28–n.d. 12000.00,https://www.istat.it/storage/trasparenza/03-Consulenti-e-collaboratori/incarichi di lavoro autonomo/Pubblicazione web_Esperti ISTAT aggiornato al 28_02_2026.xlsx,segnalazioni-card.tsv S-C8-1786 S-C8-1808 S-C8-1817,più incarichi distinti senza oggetto nominativo in card; importo_somma n.d.: totale di cluster non in AT (somma atti non pubblicata)
row-84abcab3fac6e4f230fb3eba,R-083,6912c5e61d82cbbf5f89125dd7dccb3389f7bd4f9eaa2fe31bd4cbfe19bd9f6a,83,https://www.cnr.it/it/trasparenza/incarichi-consulenza,R-083,media,CNR,cnr,VITALE GIOVANNI ANDREA,2,multi_incarico,2 oggetti; più frequente: incarichi di consulenza,76000.00,5000.00,n.d.,n.d.,2025-07-01,2026-09-15,2025-07-01–n.d. 76000.00; 2026-06-16–2026-09-15 5000.00,https://www.cnr.it/it/trasparenza/incarichi-consulenza,segnalazioni-card.tsv S-C8-0031 S-C8-0928,sezioni AT diverse (es. consulenza vs altre-tipologie); atti distinti; importo_somma n.d.: totale di cluster non in AT (somma atti non pubblicata)
row-36e714885092ab82ba50c4e1,R-084,f66479523391853fe55cac0e6d612b357aef7950f8471186dccd1a5ee64432ff,84,https://www.indire.it/wp-content/uploads/2026/05/Elenco-incarichi-di-prestazione-dopera_aprile-2026-3-1-1.xlsx,R-084,media,INDIRE,indire,Aiello Marcella,2,multi_incarico,2 oggetti; più frequente: prestazione d'opera / collaborazione INDIRE,60000.00,20160.00,n.d.,n.d.,n.d.,n.d.,n.d.–n.d. 60000.00; n.d.–n.d. 20160.00,https://www.indire.it/wp-content/uploads/2026/05/Elenco-incarichi-di-prestazione-dopera_aprile-2026-3-1-1.xlsx,segnalazioni-card.tsv S-C8-2425 S-C8-2659,più incarichi distinti senza oggetto nominativo in card; importo_somma n.d.: totale di cluster non in AT (somma atti non pubblicata)
row-862893a3f3f9c35407951a21,R-085,bac6f2a44da5fd03fa7bbb4b8f5ec7b0de3c59d136c928b8937c86abfe698e64,85,https://www.cnel.it/chi-siamo/amministrazione-trasparente/consulenti-e-collaboratori/consulenze-e-incarichi,R-085,media,Consiglio Nazionale dell'Economia e del Lavoro,cnel,Alessandro Vaccari,3,multi_incarico,2 oggetti; più frequente: Consigliere per l'organizzazione dei supporti stampa,20000.00,30000.00,n.d.,n.d.,2024-01-01,n.d.,2024-01-01–n.d. 20000.00; 2024-09-01–n.d. 30000.00; 2025-01-01–n.d. 30000.00,https://www.cnel.it/chi-siamo/amministrazione-trasparente/consulenti-e-collaboratori/consulenze-e-incarichi,nominativi-incarichi.tsv,oggetti diversi o non omogenei; importo_somma n.d.: totale di cluster non in AT (somma atti non pubblicata)
row-47cf9c1c89b5c44b246a6207,R-086,5bf0fd0015c6f96cc76f7a593660ad34ff63c52888ca7727921d13afa345be0a,86,https://www.istat.it/storage/trasparenza/03-Consulenti-e-collaboratori/incarichi,R-086,media,ISTAT,ISTAT,MAURINO ANDREA,3,multi_incarico,3 oggetti,43200.00,7200.00,n.d.,n.d.,2024-01-12,n.d.,2024-01-12–n.d. 43200.00; 2024-01-12–n.d. 29200.00; 2026-02-28–n.d. 7200.00,https://www.istat.it/storage/trasparenza/03-Consulenti-e-collaboratori/incarichi di lavoro autonomo/Pubblicazione web_Esperti ISTAT aggiornato al 28_02_2026.xlsx,segnalazioni-card.tsv S-C8-1794 S-C8-1802 S-C8-1829,più incarichi distinti senza oggetto nominativo in card; importo_somma n.d.: totale di cluster non in AT (somma atti non pubblicata)
row-0423e49682f768942b925eca,R-087,7ae9cc10572d85e1a14f2c262df5a628992218f9025af26b2198b2b02ca31ae2,87,https://www.amministrazionetrasparente.enea.it/consulenti-e-collaboratori.html,R-087,media,ENEA,eanln_rm,Bianco Giovanna,2,multi_incarico,2 oggetti,6100.00,73200.00,n.d.,n.d.,2025-07-01,2028-12-31,2025-07-01–2025-12-31 6100.00; 2026-01-01–2028-12-31 73200.00,https://www.amministrazionetrasparente.enea.it/consulenti-e-collaboratori.html,segnalazioni-card.tsv S-C8-1525 S-C8-1548,più incarichi distinti senza oggetto nominativo in card; importo_somma n.d.: totale di cluster non in AT (somma atti non pubblicata)
row-c94e773f3dc08106647a3b6e,R-088,c0a4ba71df0a6aa29ace6a900218eee1a08cdbc5a804c131b56d19c94391a387,88,https://www.amministrazionetrasparente.enea.it/consulenti-e-collaboratori.html,R-088,media,ENEA,eanln_rm,Paolo Borrione,2,multi_incarico,2 oggetti,6100.00,73200.00,n.d.,n.d.,2025-07-01,2028-12-31,2025-07-01–2025-12-31 6100.00; 2026-01-01–2028-12-31 73200.00,https://www.amministrazionetrasparente.enea.it/consulenti-e-collaboratori.html,segnalazioni-card.tsv S-C8-1530 S-C8-1549,più incarichi distinti senza oggetto nominativo in card; importo_somma n.d.: totale di cluster non in AT (somma atti non pubblicata)
row-a184e8ea82ff61e6d5eaa97f,R-089,39e6bf01d3546d179ad39220b044bc1d8d4018cb88c9e0370d32bf0ed09a25c3,89,https://www.istat.it/storage/trasparenza/03-Consulenti-e-collaboratori/incarichi,R-089,media,ISTAT,ISTAT,NACCARATO ALESSIA,3,multi_incarico,3 oggetti,44400.00,8400.00,n.d.,n.d.,2024-02-02,n.d.,2024-02-02–n.d. 44400.00; 2024-02-02–n.d. 24300.00; 2026-02-28–n.d. 8400.00,https://www.istat.it/storage/trasparenza/03-Consulenti-e-collaboratori/incarichi di lavoro autonomo/Pubblicazione web_Esperti ISTAT aggiornato al 28_02_2026.xlsx,segnalazioni-card.tsv S-C8-1792 S-C8-1807 S-C8-1828,più incarichi distinti senza oggetto nominativo in card; importo_somma n.d.: totale di cluster non in AT (somma atti non pubblicata)
row-19e0a5e5fd7974c1f1df0aad,R-090,01a0b510c4c372b4f5ec12a573655412a889fae80998b4edde608d30e6a78aef,90,https://www.isprambiente.gov.it/it/amministrazione-trasparente/consulenti-e-collaboratori/consulenti-2/consulenti-1/marzocca-annalisa,R-090,media,ISPRA,ispra_rm,MARZOCCA Annalisa,3,multi_incarico,3 oggetti,32222.82,21536.32,n.d.,n.d.,n.d.,n.d.,n.d.–n.d. 32222.82; n.d.–n.d. 21853.19; n.d.–n.d. 21536.32,https://www.isprambiente.gov.it/it/amministrazione-trasparente/consulenti-e-collaboratori/consulenti-2/consulenti-1/marzocca-annalisa,segnalazioni-card.tsv S-C8-1597 S-C8-1611 S-C8-1612,sezioni AT diverse (es. consulenza vs altre-tipologie); atti distinti; importo_somma n.d.: totale di cluster non in AT (somma atti non pubblicata)
row-7205dec2ab04418cf0610ac3,R-091,8e0c34475f2a1751239a285b8d64ff542559c0a8ef955de39b56788e7912f993,91,https://www.indire.it/wp-content/uploads/2026/05/Elenco-incarichi-di-prestazione-dopera_aprile-2026-3-1-1.xlsx,R-091,media,INDIRE,indire,Magini Duccio,2,multi_incarico,2 oggetti; più frequente: prestazione d'opera / collaborazione INDIRE,56746.80,18671.40,n.d.,n.d.,n.d.,n.d.,n.d.–n.d. 56746.80; n.d.–n.d. 18671.40,https://www.indire.it/wp-content/uploads/2026/05/Elenco-incarichi-di-prestazione-dopera_aprile-2026-3-1-1.xlsx,segnalazioni-card.tsv S-C8-2431 S-C8-2668,più incarichi distinti senza oggetto nominativo in card; importo_somma n.d.: totale di cluster non in AT (somma atti non pubblicata)
row-47e378129539de486ec8ff91,R-092,8d1bf6701a2195cb1a7717c73a8c206a0241cd4bd8a8d75eb88b9f19a60f9862,92,https://www.indire.it/wp-content/uploads/2026/05/Elenco-incarichi-di-prestazione-dopera_aprile-2026-3-1-1.xlsx,R-092,media,INDIRE,indire,Baccei Alessandro,2,multi_incarico,2 oggetti; più frequente: prestazione d'opera / collaborazione INDIRE,60000.00,15000.00,n.d.,n.d.,n.d.,n.d.,n.d.–n.d. 60000.00; n.d.–n.d. 15000.00,https://www.indire.it/wp-content/uploads/2026/05/Elenco-incarichi-di-prestazione-dopera_aprile-2026-3-1-1.xlsx,segnalazioni-card.tsv S-C8-2427 S-C8-2685,più incarichi distinti senza oggetto nominativo in card; importo_somma n.d.: totale di cluster non in AT (somma atti non pubblicata)
row-8ec05ba49f9b0e819d29b673,R-093,e77541223e187ef6ee2405ac969b7eb8609bd17f5c7bb7c4c7aacf7cbe5a2266,93,https://www.istat.it/storage/trasparenza/03-Consulenti-e-collaboratori/incarichi,R-093,media,ISTAT,ISTAT,BRUNI RENATO,3,multi_incarico,3 oggetti,52000.00,12400.00,n.d.,n.d.,2024-11-25,n.d.,2024-11-25–n.d. 52000.00; 2024-11-25–n.d. 10000.00; 2026-02-28–n.d. 12400.00,https://www.istat.it/storage/trasparenza/03-Consulenti-e-collaboratori/incarichi di lavoro autonomo/Pubblicazione web_Esperti ISTAT aggiornato al 28_02_2026.xlsx,segnalazioni-card.tsv S-C8-1783 S-C8-1815 S-C8-1823,più incarichi distinti senza oggetto nominativo in card; importo_somma n.d.: totale di cluster non in AT (somma atti non pubblicata)
row-0c77c3185b783247061cd40f,R-094,d459d1d07baaf5c57a745745fc5a43335c853cb005196a0ca9b78fe5385cb43d,94,https://www.cnr.it/it/trasparenza/incarichi-consulenza,R-094,media,CNR,cnr,MESSINA ELISA,4,multi_incarico,4 oggetti; più frequente: incarichi di consulenza,15267.18,19945.03,n.d.,n.d.,2023-02-01,2025-01-31,2023-02-01–2024-01-31 15267.18; 2024-02-01–2025-01-31 19083.97; 2025-02-01–n.d. 19945.03; 2026-02-01–n.d. 19945.03,https://www.cnr.it/it/trasparenza/incarichi-consulenza,segnalazioni-card.tsv S-C8-0287 S-C8-0288 S-C8-0296 S-C8-0355,sezioni AT diverse (es. consulenza vs altre-tipologie); atti distinti; importo_somma n.d.: totale di cluster non in AT (somma atti non pubblicata)
row-379c7d8f7eb86fd28adee332,R-095,f6e2a8a113c51d75625dda8cd6e7511f099f1662934e1e99f73513c534b68014,95,https://www.cnr.it/it/trasparenza/incarichi-consulenza,R-095,media,CNR,cnr,LUCIANA MANCINI,6,multi_incarico,6 oggetti; più frequente: incarichi di consulenza,18000.00,7000.00,n.d.,n.d.,2023-02-01,2025-02-21,2023-02-01–2024-01-31 18000.00; 2023-09-04–2024-09-03 14521.19; 2023-09-05–2024-09-04 5000.00; 2024-04-22–2025-02-21 13000.00; 2024-06-18–2025-01-16 15000.00; 2024-09-03–2024-09-30 7000.00,https://www.cnr.it/it/trasparenza/incarichi-consulenza,segnalazioni-card.tsv S-C8-0310 S-C8-0378 S-C8-0389 S-C8-0425 S-C8-0730 S-C8-0906,sezioni AT diverse (es. consulenza vs altre-tipologie); atti distinti; importo_somma n.d.: totale di cluster non in AT (somma atti non pubblicata)
row-8f0b3b70f3cc48c1c38fc488,R-096,5addfab7f788a5cbb668f07daaf90037bc6ff8c8094e28cc97aaa9ad7a56476e,96,https://www.cnr.it/it/trasparenza/incarichi-consulenza,R-096,media,CNR,cnr,Curreli Nicolo' Mario Camillo,3,multi_incarico,3 oggetti; più frequente: incarichi di consulenza,28500.00,10152.00,n.d.,n.d.,2023-09-01,2025-09-15,2023-09-01–2024-08-31 28500.00; 2024-09-16–2025-09-15 28500.00; 2026-06-05–n.d. 10152.00,https://www.cnr.it/it/trasparenza/incarichi-consulenza,segnalazioni-card.tsv S-C8-0156 S-C8-0157 S-C8-0524,sezioni AT diverse (es. consulenza vs altre-tipologie); atti distinti; importo_somma n.d.: totale di cluster non in AT (somma atti non pubblicata)
row-fe2cdeadade205478ada3c49,R-097,f1e9045f7a235aa846daf08e93e2a4669cbf7e2db3ebba8a74d91092bd1d511d,97,https://www.indire.it/wp-content/uploads/2026/05/Elenco-incarichi-di-prestazione-dopera_aprile-2026-3-1-1.xlsx,R-097,media,INDIRE,indire,Occhipinti Stefano,2,multi_incarico,2 oggetti; più frequente: prestazione d'opera / collaborazione INDIRE,48000.00,17400.00,n.d.,n.d.,n.d.,n.d.,n.d.–n.d. 48000.00; n.d.–n.d. 17400.00,https://www.indire.it/wp-content/uploads/2026/05/Elenco-incarichi-di-prestazione-dopera_aprile-2026-3-1-1.xlsx,segnalazioni-card.tsv S-C8-2558 S-C8-2675,più incarichi distinti senza oggetto nominativo in card; importo_somma n.d.: totale di cluster non in AT (somma atti non pubblicata)
row-2d528884dfca210a1bbc471e,R-098,394e6a2eb0b5791839ba6486ca7254c1d6465f80af0b8b82fce3123fd79dc748,98,https://www.cnr.it/it/trasparenza/incarichi-consulenza,R-098,media,CNR,cnr,SCIBETTA SALVATORE,3,multi_incarico,3 oggetti; più frequente: incarichi di consulenza,15384.62,25000.00,n.d.,n.d.,2024-04-15,2027-06-21,2024-04-15–2025-04-14 15384.62; 2025-06-11–2026-06-10 25000.00; 2026-06-22–2027-06-21 25000.00,https://www.cnr.it/it/trasparenza/incarichi-consulenza,segnalazioni-card.tsv S-C8-0198 S-C8-0199 S-C8-0353,sezioni AT diverse (es. consulenza vs altre-tipologie); atti distinti; importo_somma n.d.: totale di cluster non in AT (somma atti non pubblicata)
row-48f2481127386d91cc5b97bc,R-099,77f554d0136ab31e8a13b11bc7e5f583af7b99dc67a04764cc2a6d062efdf33b,99,https://www.cnr.it/it/trasparenza/incarichi-consulenza,R-099,media,CNR,cnr,Piras Diego Agostino,3,multi_incarico,3 oggetti; più frequente: incarichi di consulenza,25500.00,12750.00,n.d.,n.d.,2023-10-16,2026-05-31,2023-10-16–2024-10-15 25500.00; 2024-11-18–2025-11-17 25500.00; 2025-12-02–2026-05-31 12750.00,https://www.cnr.it/it/trasparenza/incarichi-consulenza,segnalazioni-card.tsv S-C8-0177 S-C8-0178 S-C8-0428,sezioni AT diverse (es. consulenza vs altre-tipologie); atti distinti; importo_somma n.d.: totale di cluster non in AT (somma atti non pubblicata)
row-473513d1ed7a4ca357de8e2d,R-100,5d025f41e259d7954a96b85198b88fa7698b0c819c6f73d4a9b9afdeec4c0819,100,https://www.istat.it/storage/trasparenza/03-Consulenti-e-collaboratori/incarichi,R-100,media,ISTAT,ISTAT,QUAGLIA GIAMMARCO,2,multi_incarico,2 oggetti,50000.00,13500.00,n.d.,n.d.,2024-02-02,n.d.,2024-02-02–n.d. 50000.00; 2026-02-28–n.d. 13500.00,https://www.istat.it/storage/trasparenza/03-Consulenti-e-collaboratori/incarichi di lavoro autonomo/Pubblicazione web_Esperti ISTAT aggiornato al 28_02_2026.xlsx,segnalazioni-card.tsv S-C8-1791 S-C8-1812,più incarichi distinti senza oggetto nominativo in card; importo_somma n.d.: totale di cluster non in AT (somma atti non pubblicata)
row-a2007771dfc79d2cb0ceb45f,R-101,b9f4fe9853103dbfb1573a631e2fc23cd6df70888ecc8a976b0b15e853940ea0,101,https://www.istat.it/storage/trasparenza/03-Consulenti-e-collaboratori/incarichi,R-101,media,ISTAT,ISTAT,GIUBILEI RICCARDO,2,multi_incarico,2 oggetti,50000.00,10500.00,n.d.,n.d.,2024-02-02,n.d.,2024-02-02–n.d. 50000.00; 2026-02-28–n.d. 10500.00,https://www.istat.it/storage/trasparenza/03-Consulenti-e-collaboratori/incarichi di lavoro autonomo/Pubblicazione web_Esperti ISTAT aggiornato al 28_02_2026.xlsx,segnalazioni-card.tsv S-C8-1789 S-C8-1819,più incarichi distinti senza oggetto nominativo in card; importo_somma n.d.: totale di cluster non in AT (somma atti non pubblicata)
row-f7a899b251472ed7bb2f1d43,R-102,369b0c2aff1c447a8aaecc8a4ecab058cece8e022d0fd231dc3bf00fb02a7d14,102,https://www.istat.it/storage/trasparenza/03-Consulenti-e-collaboratori/incarichi,R-102,media,ISTAT,ISTAT,BORESTA MARCO,2,multi_incarico,2 oggetti,50000.00,10200.00,n.d.,n.d.,2024-02-02,n.d.,2024-02-02–n.d. 50000.00; 2026-02-28–n.d. 10200.00,https://www.istat.it/storage/trasparenza/03-Consulenti-e-collaboratori/incarichi di lavoro autonomo/Pubblicazione web_Esperti ISTAT aggiornato al 28_02_2026.xlsx,segnalazioni-card.tsv S-C8-1784 S-C8-1820,più incarichi distinti senza oggetto nominativo in card; importo_somma n.d.: totale di cluster non in AT (somma atti non pubblicata)
row-c733c44e66a1ca47ab98a65f,R-103,75414e1a10e0816f963dd1e0a60e4bb321171d7eb6fd80ba5cc3eed6dcd52220,103,https://www.studigermanici.it/istituto/organizzazione/amministrazione-trasparente/titolari-di-incarichi/,R-103,media,Istituto Italiano di Studi Germanici,iisg,NARDELLI BENEDETTA,3,rinnovo,3 oggetti,19500.00,19500.00,n.d.,n.d.,2024-01-08,2026-09-14,2024-01-08–2025-01-07 19500.00; 2024-09-15–2025-09-14 19500.00; 2025-09-15–2026-09-14 19500.00,https://www.studigermanici.it/istituto/organizzazione/amministrazione-trasparente/titolari-di-incarichi/,segnalazioni-card.tsv S-C8-3107 S-C8-3108 S-C8-3133,oggetto non in card; classificato rinnovo per importi omogenei sullo stesso elenco; importo_somma n.d.: totale di cluster non in AT (somma atti non pubblicata)
row-f54605b4d85879429845a054,R-104,76c01dcd01c7b4f2cef7aa4b39b39619f9a8290dca855495fd86b01c11727de0,104,https://www.studigermanici.it/istituto/organizzazione/amministrazione-trasparente/titolari-di-incarichi/,R-104,media,Istituto Italiano di Studi Germanici,iisg,GIULIA BOCCHETTI,3,multi_incarico,3 oggetti,9000.00,27760.00,n.d.,n.d.,2024-11-15,2027-05-31,2024-11-15–2025-05-14 9000.00; 2025-05-15–2026-05-14 18000.00; 2026-06-01–2027-05-31 27760.00,https://www.studigermanici.it/istituto/organizzazione/amministrazione-trasparente/titolari-di-incarichi/,segnalazioni-card.tsv S-C8-3124 S-C8-3125 S-C8-3144,più incarichi distinti senza oggetto nominativo in card; importo_somma n.d.: totale di cluster non in AT (somma atti non pubblicata)
row-fbd4236dd49c1c8b288bcc39,R-105,ff761a0bc64b6f08cb654962d32e4822fe9eaf089d252eb6be1a949a32bb0199,105,https://www.inapp.gov.it/wp-content/uploads/amministrazione-trasparente/3_Consulenti_Collaboratori/20260731_INAPP_ElencoIncarichiConsulenti_e_Collaboratori.csv,R-105,media,INAPP,isfol,BOERCHI DIEGO,2,multi_incarico,2 oggetti,21250.00,33333.33,n.d.,n.d.,2024-07-01,2025-12-31,2024-07-01–2025-12-31 21250.00; 2026-05-04–n.d. 33333.33,https://www.inapp.gov.it/wp-content/uploads/amministrazione-trasparente/3_Consulenti_Collaboratori/20260731_INAPP_ElencoIncarichiConsulenti_e_Collaboratori.csv,segnalazioni-card.tsv S-C8-2444 S-C8-2452,sezioni AT diverse (es. consulenza vs altre-tipologie); atti distinti; importo_somma n.d.: totale di cluster non in AT (somma atti non pubblicata)
row-fc8a694be8a3f6d7dbf6fff6,R-106,2cffac40025852924c1036c3aea3c99f29dbdc4d7f9a8f080516da5a4796e711,106,https://www.cnr.it/it/trasparenza/incarichi-altre-tipologie,R-106,media,CNR,cnr,DI GIAMMARCO MARCELLO,2,multi_incarico,2 oggetti; più frequente: incarichi di consulenza,22500.00,28000.00,n.d.,n.d.,2025-05-08,2026-02-16,2025-05-08–n.d. 22500.00; 2025-11-17–2026-02-16 28000.00,https://www.cnr.it/it/trasparenza/incarichi-altre-tipologie,segnalazioni-card.tsv S-C8-0160 S-C8-0236,sezioni AT diverse (es. consulenza vs altre-tipologie); atti distinti; importo_somma n.d.: totale di cluster non in AT (somma atti non pubblicata)
row-81746a2d850124d586387aae,R-107,b4c2d15f83584f213a8b6c7deea0a744d789d948a62ae0a53a55ff0ae8178025,107,https://www.agenziaentrateriscossione.gov.it/it/il-gruppo/amministrazionetrasparente/consulentiCollaboratori/titolari-di-incarichi-di-collaborazione-o-consulenza/,R-107,media,Agenzia delle Entrate-Riscossione,esrsris,Avv. Luca Cirillo,16,multi_incarico,16 patrocini distinti (rappresentanza in giudizio),1076.40,1375.40,n.d.,n.d.,2024-09-24,n.d.,2024-09-24–n.d. 1076.40; 2024-09-30–n.d. 2600.00; 2024-11-22–n.d. 1560.00; 2025-02-11–n.d. 3432.00; 2025-03-18–n.d. 2860.00; 2025-04-14–n.d. 2990.00; 2025-04-15–n.d. 2392.00; 2025-06-13–n.d. 4521.25; 2025-10-27–n.d. 2392.00; 2025-10-31–n.d. 6133.25; 2025-12-01–n.d. 7020.00; 2026-04-07–n.d. 2288.00; 2026-06-18–n.d. 1794.00; 2026-06-19–n.d. 2860.00; 2026-07-14–n.d. 2860.00; 2026-07-31–n.d. 1375.40,https://www.agenziaentrateriscossione.gov.it/it/il-gruppo/amministrazionetrasparente/consulentiCollaboratori/titolari-di-incarichi-di-collaborazione-o-consulenza/,nominativi-incarichi.tsv,"16 patrocini distinti AdER, non proroga di un retainer; importo_somma n.d.: totale di cluster non in AT (somma atti non pubblicata)"
row-3500f60e1d2d3429b7f40e71,R-108,10d8d0c83bb8357bf8d458d349244e05f671a24e65651e2958009a30f54d895d,108,https://www.cnr.it/it/trasparenza/incarichi-altre-tipologie,R-108,media,CNR,cnr,RUSSO MARIA,3,multi_incarico,3 oggetti; più frequente: incarichi extra-ruolo / altre tipologie,7633.59,22500.00,n.d.,n.d.,2024-09-01,2027-08-31,2024-09-01–2025-02-28 7633.59; 2025-09-01–2026-08-31 17654.52; 2026-09-01–2027-08-31 22500.00,https://www.cnr.it/it/trasparenza/incarichi-altre-tipologie,segnalazioni-card.tsv S-C8-0248 S-C8-0320 S-C8-0688,più incarichi distinti senza oggetto nominativo in card; importo_somma n.d.: totale di cluster non in AT (somma atti non pubblicata)
row-1b0a61335be26fcc1d580d09,R-109,f302c2217919a72fdb6def2a9637b7dbdf2b7f7c5ea077841e4a22b7ff99eedc,109,https://www.agenziaentrateriscossione.gov.it/it/il-gruppo/amministrazionetrasparente/consulentiCollaboratori/titolari-di-incarichi-di-collaborazione-o-consulenza/,R-109,media,Agenzia delle Entrate-Riscossione,esrsris,Avv. Alfonso Maria Papa Malatesta,6,multi_incarico,6 patrocini distinti (rappresentanza in giudizio),8563.36,3220.65,n.d.,n.d.,2025-01-21,n.d.,2025-01-21–n.d. 8563.36; 2025-02-11–n.d. 20334.39; 2025-03-07–n.d. 1083.58; 2025-07-09–n.d. 12031.76; 2025-10-01–n.d. 2467.15; 2025-10-13–n.d. 3220.65,https://www.agenziaentrateriscossione.gov.it/it/il-gruppo/amministrazionetrasparente/consulentiCollaboratori/titolari-di-incarichi-di-collaborazione-o-consulenza/,nominativi-incarichi.tsv,"6 patrocini distinti AdER, non proroga di un retainer; importo_somma n.d.: totale di cluster non in AT (somma atti non pubblicata)"
row-e20fdbdcb9a58f83eedc6003,R-110,7a20e5a00dec68d1bedeae5bb0c18b1bfafa3ad60d0acda72525db1b0eca15a1,110,https://www.cnr.it/it/trasparenza/incarichi-altre-tipologie,R-110,media,CNR,cnr,Gaddari Pinuccia,3,rinnovo,3 oggetti; più frequente: incarichi extra-ruolo / altre tipologie,14400.00,13904.00,n.d.,n.d.,2023-09-01,2026-05-31,2023-09-01–2024-08-31 14400.00; 2024-09-16–2025-09-15 19200.00; 2025-11-10–2026-05-31 13904.00,https://www.cnr.it/it/trasparenza/incarichi-altre-tipologie,segnalazioni-card.tsv S-C8-0292 S-C8-0390 S-C8-0408,oggetto non in card; classificato rinnovo per importi omogenei sullo stesso elenco; importo_somma n.d.: totale di cluster non in AT (somma atti non pubblicata)
row-59f706b325c1991df4e9898d,R-111,a7f4aeb81f5511b160f58982d3c58fb35032a8c4ae7bc9db9e3add9e790483a7,111,https://www.agenziaentrateriscossione.gov.it/it/il-gruppo/amministrazionetrasparente/consulentiCollaboratori/titolari-di-incarichi-di-collaborazione-o-consulenza/,R-111,media,Agenzia delle Entrate-Riscossione,esrsris,Avv. Federica Paternò,12,multi_incarico,12 patrocini distinti (rappresentanza in giudizio),3068.00,8918.00,n.d.,n.d.,2024-09-18,n.d.,2024-09-18–n.d. 3068.00; 2024-09-26–n.d. 3484.00; 2024-12-17–n.d. 2867.28; 2024-12-18–n.d. 8320.00; 2025-01-17–n.d. 2444.00; 2025-02-12–n.d. 4160.00; 2025-03-17–n.d. 4004.00; 2025-07-09–n.d. 2600.00; 2025-09-15–n.d. 3588.00; 2025-11-18–n.d. 988.00; 2026-05-11–n.d. 2600.00; 2026-05-27–n.d. 8918.00,https://www.agenziaentrateriscossione.gov.it/it/il-gruppo/amministrazionetrasparente/consulentiCollaboratori/titolari-di-incarichi-di-collaborazione-o-consulenza/,nominativi-incarichi.tsv,"12 patrocini distinti AdER, non proroga di un retainer; importo_somma n.d.: totale di cluster non in AT (somma atti non pubblicata)"
row-5ff9c8554375857fb70aebef,R-112,5c54c542f662690b9634bb4aa38ab5361fe7634d9d7bd9976f2b9d6e20c12467,112,https://www.isprambiente.gov.it/it/amministrazione-trasparente/consulenti-e-collaboratori/consulenti-2/consulenti-1/iacuaniello-giacomo,R-112,media,ISPRA,ispra_rm,IACUANIELLO Giacomo,2,multi_incarico,2 oggetti,30586.57,15266.73,n.d.,n.d.,n.d.,n.d.,n.d.–n.d. 30586.57; n.d.–n.d. 15266.73,https://www.isprambiente.gov.it/it/amministrazione-trasparente/consulenti-e-collaboratori/consulenti-2/consulenti-1/iacuaniello-giacomo,segnalazioni-card.tsv S-C8-1599 S-C8-1625,sezioni AT diverse (es. consulenza vs altre-tipologie); atti distinti; importo_somma n.d.: totale di cluster non in AT (somma atti non pubblicata)
row-ddac20b810f4826cc18716e4,R-113,0bec3bc68d87d1c66ff12d7d78bf20995db504c0ffb8c016528baade77439cff,113,https://www.istat.it/storage/trasparenza/03-Consulenti-e-collaboratori/incarichi,R-113,media,ISTAT,ISTAT,PARAGLIOLA GIOVANNI,3,multi_incarico,3 oggetti,27600.00,5400.00,n.d.,n.d.,2024-02-02,n.d.,2024-02-02–n.d. 27600.00; 2024-02-02–n.d. 12600.00; 2026-02-28–n.d. 5400.00,https://www.istat.it/storage/trasparenza/03-Consulenti-e-collaboratori/incarichi di lavoro autonomo/Pubblicazione web_Esperti ISTAT aggiornato al 28_02_2026.xlsx,segnalazioni-card.tsv S-C8-1803 S-C8-1814 S-C8-1830,più incarichi distinti senza oggetto nominativo in card; importo_somma n.d.: totale di cluster non in AT (somma atti non pubblicata)
row-8e56ed2cf8b99370b5d76646,R-114,d1bcbb5d25b275cc38a4ccef44a5b3e38060b123c7995cf05804619f87f08941,114,https://www.cnr.it/it/trasparenza/incarichi-altre-tipologie,R-114,media,CNR,cnr,FAIOLA FABIO,3,rinnovo,3 oggetti; più frequente: incarichi extra-ruolo / altre tipologie,12000.00,18500.00,n.d.,n.d.,2023-02-01,2026-05-21,2023-02-01–2024-01-31 12000.00; 2024-02-01–2025-01-31 15000.00; 2025-05-22–2026-05-21 18500.00,https://www.cnr.it/it/trasparenza/incarichi-altre-tipologie,segnalazioni-card.tsv S-C8-0302 S-C8-0375 S-C8-0459,oggetto non in card; classificato rinnovo per importi omogenei sullo stesso elenco; importo_somma n.d.: totale di cluster non in AT (somma atti non pubblicata)
row-a465a82fbc9878dad759b96d,R-115,56fb5ec58f86c9f630631be7d185d84726add00132346f78b1b283c11767220f,115,https://www.isprambiente.gov.it/it/amministrazione-trasparente/consulenti-e-collaboratori/consulenti-2/consulenti-1/fontana-mattia-1,R-115,media,ISPRA,ispra_rm,FONTANA Mattia,2,multi_incarico,2 oggetti,29410.57,15266.73,n.d.,n.d.,n.d.,n.d.,n.d.–n.d. 29410.57; n.d.–n.d. 15266.73,https://www.isprambiente.gov.it/it/amministrazione-trasparente/consulenti-e-collaboratori/consulenti-2/consulenti-1/fontana-mattia-1,segnalazioni-card.tsv S-C8-1600 S-C8-1624,sezioni AT diverse (es. consulenza vs altre-tipologie); atti distinti; importo_somma n.d.: totale di cluster non in AT (somma atti non pubblicata)
row-dd3377939283b5ec955eeaa8,R-116,3820122698ce682a104b6fd5cc4a0be5b83e095b6ef94ee264cc58c1d14e2e2a,116,https://amministrazione-trasparente.ingv.it/web/trasparenza/pas/-/pas/igrid/11068,R-116,media,INGV,ingv,CALVARI SONIA,4,rinnovo,4 oggetti,12600.00,8000.00,n.d.,n.d.,n.d.,n.d.,n.d.–n.d. 12600.00; n.d.–n.d. 12500.00; n.d.–n.d. 10665.00; n.d.–n.d. 8000.00,https://amministrazione-trasparente.ingv.it/web/trasparenza/pas/-/pas/igrid/11068,segnalazioni-card.tsv S-C8-1899 S-C8-1901 S-C8-1914 S-C8-1942,oggetto non in card; classificato rinnovo per importi omogenei sullo stesso elenco; importo_somma n.d.: totale di cluster non in AT (somma atti non pubblicata)
row-eebc7441aeec98c19219336a,R-117,fe336b7755f639434356bb7d3affb389a2a31ef91d51ad310323c7494c9d0c50,117,https://www.isprambiente.gov.it/it/amministrazione-trasparente/consulenti-e-collaboratori/consulenti-2/consulenti-1/cornelli-danilo-luca-1,R-117,media,ISPRA,ispra_rm,CORNELLI Danilo Luca,2,multi_incarico,2 oggetti,29031.27,13772.20,n.d.,n.d.,n.d.,n.d.,n.d.–n.d. 29031.27; n.d.–n.d. 13772.20,https://www.isprambiente.gov.it/it/amministrazione-trasparente/consulenti-e-collaboratori/consulenti-2/consulenti-1/cornelli-danilo-luca-1,segnalazioni-card.tsv S-C8-1601 S-C8-1631,sezioni AT diverse (es. consulenza vs altre-tipologie); atti distinti; importo_somma n.d.: totale di cluster non in AT (somma atti non pubblicata)
row-3b7a68f94e97204ebf8e09b0,R-118,e89a5ec9c80f3709658b6b4f391770573dbfcb4e2f84a758c8bb6d12dc3b3bd2,118,https://www.cnr.it/it/trasparenza/incarichi-altre-tipologie,R-118,media,CNR,cnr,Palombo Giovanni,4,rinnovo,4 oggetti; più frequente: incarichi extra-ruolo / altre tipologie,10700.00,10700.00,n.d.,n.d.,2023-07-08,2025-07-11,2023-07-08–2024-01-07 10700.00; 2024-01-10–2024-07-09 10700.00; 2024-07-23–2024-12-22 10700.00; 2025-03-12–2025-07-11 10700.00,https://www.cnr.it/it/trasparenza/incarichi-altre-tipologie,segnalazioni-card.tsv S-C8-0505 S-C8-0506 S-C8-0507 S-C8-0508,oggetto non in card; classificato rinnovo per importi omogenei sullo stesso elenco; importo_somma n.d.: totale di cluster non in AT (somma atti non pubblicata)
row-6f5564cf040b855143d7bb49,R-119,a6b51bfb0e09617d378a8d76693aaf5b5a2057c95c0c801a4d5e8654416f018c,119,https://www.inapp.gov.it/wp-content/uploads/amministrazione-trasparente/3_Consulenti_Collaboratori/20260731_INAPP_ElencoIncarichiConsulenti_e_Collaboratori.csv,R-119,media,INAPP,isfol,SPIZZICHINO ANDREA,2,multi_incarico,2 oggetti,23100.00,17111.11,n.d.,n.d.,2024-08-01,2025-05-31,2024-08-01–2025-05-31 23100.00; 2026-02-26–n.d. 17111.11,https://www.inapp.gov.it/wp-content/uploads/amministrazione-trasparente/3_Consulenti_Collaboratori/20260731_INAPP_ElencoIncarichiConsulenti_e_Collaboratori.csv,segnalazioni-card.tsv S-C8-2451 S-C8-2458,sezioni AT diverse (es. consulenza vs altre-tipologie); atti distinti; importo_somma n.d.: totale di cluster non in AT (somma atti non pubblicata)
row-e52b99bd6ededa29fc3f00a0,R-120,0e1464534697e902b969febbeae2d44dae0c1e537d5ce2c177aa288891e3899c,120,https://www.studigermanici.it/istituto/organizzazione/amministrazione-trasparente/titolari-di-incarichi/,R-120,media,Istituto Italiano di Studi Germanici,iisg,ALMANGANO ELENA,2,rinnovo,2 oggetti,19500.00,19500.00,n.d.,n.d.,2023-05-15,2025-05-14,2023-05-15–2024-05-14 19500.00; 2024-05-15–2025-05-14 19500.00,https://www.studigermanici.it/istituto/organizzazione/amministrazione-trasparente/titolari-di-incarichi/,segnalazioni-card.tsv S-C8-3092 S-C8-3113,oggetto non in card; classificato rinnovo per importi omogenei sullo stesso elenco; importo_somma n.d.: totale di cluster non in AT (somma atti non pubblicata)
row-16946267a864ef1a4c9b9bfd,R-121,9125431e49ef625f9b17426022780e07bf787873b6e648e9436c29758679fda6,121,https://www.studigermanici.it/istituto/organizzazione/amministrazione-trasparente/titolari-di-incarichi/,R-121,media,Istituto Italiano di Studi Germanici,iisg,BERTELLI GIOVANNI,2,rinnovo,2 oggetti,19500.00,19500.00,n.d.,n.d.,2024-09-15,2026-09-14,2024-09-15–2025-09-14 19500.00; 2025-09-15–2026-09-14 19500.00,https://www.studigermanici.it/istituto/organizzazione/amministrazione-trasparente/titolari-di-incarichi/,segnalazioni-card.tsv S-C8-3110 S-C8-3135,oggetto non in card; classificato rinnovo per importi omogenei sullo stesso elenco; importo_somma n.d.: totale di cluster non in AT (somma atti non pubblicata)
row-ff084f1e13415c7dbfc5418c,R-122,e38b4d957586df01885a7eea9c4cbe8780bdaa6b3c8521c5cb9004ea3b9ffdd0,122,https://trasparenza.ispettorato.gov.it/page/46/details/29699/itl-cosenza-incarico-medico-competente.html,R-122,media,INL,inlavoro,Vincenzo Carmelo Lucisano,3,multi_incarico,3 oggetti,18000.00,10000.00,n.d.,n.d.,2024-10-07,2027-09-09,2024-10-07–2027-09-09 18000.00; 2025-02-12–2027-09-05 10000.00; 2025-06-13–2027-09-05 10000.00,https://trasparenza.ispettorato.gov.it/page/46/details/29699/itl-cosenza-incarico-medico-competente.html,segnalazioni-card.tsv S-C3-97 S-C3-103 S-C3-104,sezioni AT diverse (es. consulenza vs altre-tipologie); atti distinti; importo_somma n.d.: totale di cluster non in AT (somma atti non pubblicata)
row-527c4abf90e7abb198b043c7,R-123,f7291d8829e9bb463ed5ab6a663ee2ea15d43c9cbfa8ff9cc18192cef51e3a99,123,https://www.ogs.it/sites/default/files/trasparenza/2026-07/439_%20del%2029052026.pdf,R-123,media,OGS,INOGS,UMGIESSER Hans Georg,2,multi_incarico,2 oggetti,27000.00,10000.00,n.d.,n.d.,2024-07-30,n.d.,2024-07-30–n.d. 27000.00; 2026-05-29–n.d. 10000.00,https://www.ogs.it/sites/default/files/trasparenza/2026-07/439_%20del%2029052026.pdf,segnalazioni-card.tsv S-C8-2820 S-C8-2826,sezioni AT diverse (es. consulenza vs altre-tipologie); atti distinti; importo_somma n.d.: totale di cluster non in AT (somma atti non pubblicata)
row-4b0dd6e01694925de079d38d,R-124,288511ad0614c8d0406957e9ba99a1c68f0c9d9bef2678c8a0a64af025d7a7ff,124,https://www.cnr.it/it/trasparenza/incarichi-altre-tipologie,R-124,media,CNR,cnr,Pluchino Francesca,2,rinnovo,2 oggetti; più frequente: incarichi extra-ruolo / altre tipologie,18000.00,18000.00,n.d.,n.d.,2024-07-04,2025-07-06,2024-07-04–2025-01-04 18000.00; 2025-01-07–2025-07-06 18000.00,https://www.cnr.it/it/trasparenza/incarichi-altre-tipologie,segnalazioni-card.tsv S-C8-0313 S-C8-0314,"extra-ruolo CNR, atti successivi sullo stesso elenco altre-tipologie; importo_somma n.d.: totale di cluster non in AT (somma atti non pubblicata)"
row-4fc050676df0f1bd57d01d8b,R-125,262cbf051a3225a69a405a9ef8320165131a2f51b4c45a62eec21e85f48c3ac7,125,https://www.agenziaentrateriscossione.gov.it/it/il-gruppo/amministrazionetrasparente/consulentiCollaboratori/titolari-di-incarichi-di-collaborazione-o-consulenza/,R-125,media,Agenzia delle Entrate-Riscossione,esrsris,Avv. Domenico Cantavenera,11,multi_incarico,11 patrocini distinti (rappresentanza in giudizio),1560.00,2080.00,n.d.,n.d.,2024-08-20,n.d.,2024-08-20–n.d. 1560.00; 2024-09-27–n.d. 4680.00; 2024-10-03–n.d. 13586.40; 2024-10-11–n.d. 1664.00; 2024-11-19–n.d. 780.00; 2025-03-21–n.d. 1040.00; 2025-04-03–n.d. 1716.00; 2025-06-10–n.d. 2080.00; 2025-09-02–n.d. 3640.00; 2026-06-09–n.d. 2080.00; 2026-06-18–n.d. 2080.00,https://www.agenziaentrateriscossione.gov.it/it/il-gruppo/amministrazionetrasparente/consulentiCollaboratori/titolari-di-incarichi-di-collaborazione-o-consulenza/,nominativi-incarichi.tsv,"11 patrocini distinti AdER, non proroga di un retainer; importo_somma n.d.: totale di cluster non in AT (somma atti non pubblicata)"
row-ffd5e50c68f0783eecf58649,R-126,284bf07efcf3f93944330776d83c3a590bf7fc539becc2827f14c5b87e8839d9,126,https://www.cnr.it/it/trasparenza/incarichi-consulenza,R-126,media,CNR,cnr,DI NARDO Maddalena,2,multi_incarico,2 oggetti; più frequente: incarichi di consulenza,25900.00,8000.00,n.d.,n.d.,2025-09-01,2026-09-30,2025-09-01–2026-03-31 25900.00; 2026-05-01–2026-09-30 8000.00,https://www.cnr.it/it/trasparenza/incarichi-consulenza,segnalazioni-card.tsv S-C8-0175 S-C8-0662,più incarichi distinti senza oggetto nominativo in card; importo_somma n.d.: totale di cluster non in AT (somma atti non pubblicata)
row-8f4e62c5a838555adeaf9f56,R-127,5406171d5183a3e95268d0a6adfdad79a17f0c4f374a2c6c8ca4afb9f87895b3,127,https://www.cnr.it/it/trasparenza/incarichi-altre-tipologie,R-127,media,CNR,cnr,PALLOTTA MARIA MICHELA,2,rinnovo,2 oggetti; più frequente: incarichi extra-ruolo / altre tipologie,16000.00,16000.00,n.d.,n.d.,2025-11-03,2026-11-30,2025-11-03–2026-05-03 16000.00; 2026-06-01–2026-11-30 16000.00,https://www.cnr.it/it/trasparenza/incarichi-altre-tipologie,segnalazioni-card.tsv S-C8-0346 S-C8-0347,"extra-ruolo CNR, atti successivi sullo stesso elenco altre-tipologie; importo_somma n.d.: totale di cluster non in AT (somma atti non pubblicata)"
row-0d609ea4000d35345e566ef3,R-128,28f4da35f6140a473f6adfacff31c6a36b610e3b267b1ef76bd967c657b5ba65,128,https://www.cnel.it/chi-siamo/amministrazione-trasparente/consulenti-e-collaboratori/consulenze-e-incarichi,R-128,media,Consiglio Nazionale dell'Economia e del Lavoro,cnel,Emilio Albertario,2,multi_incarico,2 oggetti; più frequente: Consigliere per le relazioni con i media,25000.00,7000.00,n.d.,n.d.,2024-10-02,n.d.,2024-10-02–n.d. 25000.00; 2025-10-01–n.d. 7000.00,https://www.cnel.it/chi-siamo/amministrazione-trasparente/consulenti-e-collaboratori/consulenze-e-incarichi,nominativi-incarichi.tsv,oggetti diversi o non omogenei; importo_somma n.d.: totale di cluster non in AT (somma atti non pubblicata)
row-952834a32cd345b929511986,R-129,b5b4e32b190e00a92760883bc7347ae35a5609346f754b0e179f645dc4cfb391,129,https://www.cnr.it/it/trasparenza/incarichi-altre-tipologie,R-129,media,CNR,cnr,LAURIA FABIO,3,multi_incarico,3 oggetti; più frequente: incarichi extra-ruolo / altre tipologie,5750.00,15200.00,n.d.,n.d.,2025-09-15,2026-12-21,2025-09-15–2025-12-14 5750.00; 2026-01-13–2026-06-12 11000.00; 2026-06-22–2026-12-21 15200.00,https://www.cnr.it/it/trasparenza/incarichi-altre-tipologie,segnalazioni-card.tsv S-C8-0360 S-C8-0498 S-C8-0845,più incarichi distinti senza oggetto nominativo in card; importo_somma n.d.: totale di cluster non in AT (somma atti non pubblicata)
row-2b44df6efc710f3c1f3842fc,R-130,c89f9f3dd5351bc30cf9c87ad4073248717b62f90610a9a2412fa6c081d45976,130,https://amministrazione-trasparente.ingv.it/web/trasparenza/pas/-/pas/igrid/11068,R-130,media,INGV,ingv,CANNAS VITTORIO,5,multi_incarico,5 oggetti,15000.00,320.00,n.d.,n.d.,n.d.,n.d.,n.d.–n.d. 15000.00; n.d.–n.d. 10000.00; n.d.–n.d. 6000.00; n.d.–n.d. 360.00; n.d.–n.d. 320.00,https://amministrazione-trasparente.ingv.it/web/trasparenza/pas/-/pas/igrid/11068,segnalazioni-card.tsv S-C8-1892 S-C8-1917 S-C8-1957 S-C8-2262 S-C8-2265,più incarichi distinti senza oggetto nominativo in card; importo_somma n.d.: totale di cluster non in AT (somma atti non pubblicata)
row-99da7de05f940f75ebe02c76,R-131,92b39cff12613e4010eb14b72c9473cb591bececd03eb0becab9b1a1cd9f3493,131,https://www.agenziaentrateriscossione.gov.it/it/il-gruppo/amministrazionetrasparente/consulentiCollaboratori/titolari-di-incarichi-di-collaborazione-o-consulenza/,R-131,media,Agenzia delle Entrate-Riscossione,esrsris,Avv. Marco Marazza,11,multi_incarico,11 patrocini distinti (rappresentanza in giudizio),1820.00,4628.00,n.d.,n.d.,2024-08-20,n.d.,2024-08-20–n.d. 1820.00; 2024-12-10–n.d. 1820.00; 2025-05-07–n.d. 3432.00; 2025-07-07–n.d. 2080.00; 2025-07-08–n.d. 3328.00; 2025-07-29–n.d. 3224.00; 2025-09-02–n.d. 4160.00; 2025-10-27–n.d. 2080.00; 2026-01-29–n.d. 2080.00; 2026-03-31–n.d. 2600.00; 2026-07-27–n.d. 4628.00,https://www.agenziaentrateriscossione.gov.it/it/il-gruppo/amministrazionetrasparente/consulentiCollaboratori/titolari-di-incarichi-di-collaborazione-o-consulenza/,nominativi-incarichi.tsv,"11 patrocini distinti AdER, non proroga di un retainer; importo_somma n.d.: totale di cluster non in AT (somma atti non pubblicata)"
row-10b0aef6cfe92a1fc403c1fe,R-132,5c90438bff07fdcb8771d1431329a2233ccf72bdc3ba0791091b69b6d6521890,132,https://www.cnr.it/it/trasparenza/incarichi-altre-tipologie,R-132,media,CNR,cnr,FESTA MARGHERITA,2,rinnovo,2 oggetti; più frequente: incarichi extra-ruolo / altre tipologie,14200.00,16500.00,n.d.,n.d.,2023-07-18,2024-08-14,2023-07-18–2024-01-17 14200.00; 2024-02-15–2024-08-14 16500.00,https://www.cnr.it/it/trasparenza/incarichi-altre-tipologie,segnalazioni-card.tsv S-C8-0333 S-C8-0393,"extra-ruolo CNR, atti successivi sullo stesso elenco altre-tipologie; importo_somma n.d.: totale di cluster non in AT (somma atti non pubblicata)"
row-8a0e405992e5283ce7bbde6f,R-133,513baefb1ad911fb07885cd3e011a3ccfa5276ca3aa37d60093c7152abb0d5b9,133,https://www.cnr.it/it/trasparenza/incarichi-consulenza,R-133,media,CNR,cnr,TADDEI ANDREA,3,multi_incarico,3 oggetti; più frequente: incarichi di consulenza,15267.17,7633.58,n.d.,n.d.,2024-09-27,2026-10-03,2024-09-27–2025-05-25 15267.17; 2025-06-20–2025-09-03 7633.59; 2026-05-06–2026-10-03 7633.58,https://www.cnr.it/it/trasparenza/incarichi-consulenza,segnalazioni-card.tsv S-C8-0359 S-C8-0689 S-C8-0694,sezioni AT diverse (es. consulenza vs altre-tipologie); atti distinti; importo_somma n.d.: totale di cluster non in AT (somma atti non pubblicata)
row-203006691b1f9ef50e1b399a,R-134,a071472cb5cbb1362b944ad2d1d845493ad4ec0085c1f5f20a2f1a320118a010,134,https://www.agenziaentrateriscossione.gov.it/it/il-gruppo/amministrazionetrasparente/consulentiCollaboratori/titolari-di-incarichi-di-collaborazione-o-consulenza/,R-134,media,Agenzia delle Entrate-Riscossione,esrsris,Avv. Vincenzo Adamo,8,multi_incarico,8 patrocini distinti (rappresentanza in giudizio),3052.80,2704.00,n.d.,n.d.,2024-12-19,n.d.,2024-12-19–n.d. 3052.80; 2024-12-23–n.d. 5205.60; 2025-01-16–n.d. 2632.80; 2025-03-11–n.d. 2860.00; 2025-07-09–n.d. 5506.60; 2025-10-10–n.d. 6305.60; 2026-03-17–n.d. 2262.00; 2026-07-10–n.d. 2704.00,https://www.agenziaentrateriscossione.gov.it/it/il-gruppo/amministrazionetrasparente/consulentiCollaboratori/titolari-di-incarichi-di-collaborazione-o-consulenza/,nominativi-incarichi.tsv,"8 patrocini distinti AdER, non proroga di un retainer; importo_somma n.d.: totale di cluster non in AT (somma atti non pubblicata)"
row-2207195990746bc172772cfe,R-135,78fc0d06bb8af26fd3424450a9605d09a682740baaeb1869f05081d74ddd7ace,135,https://www.cnr.it/it/trasparenza/incarichi-consulenza,R-135,media,CNR,cnr,PETRILLO LUCA,2,multi_incarico,2 oggetti; più frequente: incarichi di consulenza,8000.00,22500.00,n.d.,n.d.,2023-09-27,2024-02-26,2023-09-27–2024-02-26 8000.00; 2025-05-09–n.d. 22500.00,https://www.cnr.it/it/trasparenza/incarichi-consulenza,segnalazioni-card.tsv S-C8-0244 S-C8-0670,sezioni AT diverse (es. consulenza vs altre-tipologie); atti distinti; importo_somma n.d.: totale di cluster non in AT (somma atti non pubblicata)
row-4f28168c9e692ec5618fad71,R-136,6e2b4fe8bc5dd4cd75e03434fc91038338fb458464e0b63323338f1cdd100a65,136,https://www.iss.it/documents/20126/9028926/2025_2_13_incarichi_dipendenti_DFP00013055.csv,R-136,media,ISS,iss_rm,MATEO URDIALES ALBERTO,3,multi_incarico,3 oggetti; più frequente: incarichi dipendenti ISS,3262.00,27000.00,n.d.,n.d.,2024-04-15,2025-06-30,2024-04-15–2024-05-31 3262.00; 2024-06-30–2025-06-30 35.00; 2024-09-10–2025-04-25 27000.00,https://www.iss.it/documents/20126/9028926/2025_2_13_incarichi_dipendenti_DFP00013055.csv,segnalazioni-card.tsv S-C8-1641 S-C8-1661 S-C8-1774,più incarichi distinti senza oggetto nominativo in card; importo_somma n.d.: totale di cluster non in AT (somma atti non pubblicata)
row-336481689fe6eaf8cdc5df36,R-137,34ca024ac99fbc0b855959b1fff813a113c9a0974d593d016bf5d2edb0bc3b92,137,https://www.cnr.it/it/trasparenza/incarichi-altre-tipologie,R-137,media,CNR,cnr,ADAMO GIORGIA,2,rinnovo,2 oggetti; più frequente: incarichi extra-ruolo / altre tipologie,12310.33,17654.53,n.d.,n.d.,2025-12-19,2026-03-18,2025-12-19–2026-03-18 12310.33; 2026-06-05–n.d. 17654.53,https://www.cnr.it/it/trasparenza/incarichi-altre-tipologie,segnalazioni-card.tsv S-C8-0319 S-C8-0441,"extra-ruolo CNR, atti successivi sullo stesso elenco altre-tipologie; importo_somma n.d.: totale di cluster non in AT (somma atti non pubblicata)"
row-d7148a18ffc7f3ca7c5c93b0,R-138,abc6e708b7cae997556812e03af27a4c3423f11f8206f99e37ad586c344d2d3a,138,https://trasparenza.ispettorato.gov.it/page/46/details/74894/dil-centro-incarico-sorveglianza-sanitaria-medico-competente-.html,R-138,media,INL,inlavoro,Rosaria Romano,2,multi_incarico,2 oggetti,20000.00,9200.00,n.d.,n.d.,2024-09-16,2027-09-15,2024-09-16–2027-09-15 20000.00; 2024-12-16–2027-09-08 9200.00,https://trasparenza.ispettorato.gov.it/page/46/details/74894/dil-centro-incarico-sorveglianza-sanitaria-medico-competente-.html,segnalazioni-card.tsv S-C3-96 S-C3-108,sezioni AT diverse (es. consulenza vs altre-tipologie); atti distinti; importo_somma n.d.: totale di cluster non in AT (somma atti non pubblicata)
row-4c127d3f0b55c473f1a5da68,R-139,f31ca99e400e5fde519ddafe680cce890896e13f8fa5c44b4ab8543a78194681,139,https://aranagenzia.portaletrasparenza.net/it/trasparenza/consulenti-e-collaboratori/titolari-di-incarichi-di-collaborazione-o-consulenza.html,R-139,media,ARAN,ARNPA,Lucilla Vazza,2,rinnovo,2 oggetti; più frequente: incarichi di consulenza,14000.00,15000.00,n.d.,n.d.,2024-09-16,n.d.,2024-09-16–n.d. 14000.00; 2025-09-08–n.d. 15000.00,https://aranagenzia.portaletrasparenza.net/it/trasparenza/consulenti-e-collaboratori/titolari-di-incarichi-di-collaborazione-o-consulenza.html,segnalazioni-card.tsv S-C3-03 S-C3-63,oggetto non in card; classificato rinnovo per importi omogenei sullo stesso elenco; importo_somma n.d.: totale di cluster non in AT (somma atti non pubblicata)
row-1aa226860c1d609f7bc38278,R-140,f0bba2974ce8b15e8dc81d2764724c9233a2076dbd42427ad30d9b6c35976ead,140,https://www.cnr.it/it/trasparenza/incarichi-altre-tipologie,R-140,media,CNR,cnr,CASELLA MELANIA,4,multi_incarico,4 oggetti; più frequente: incarichi extra-ruolo / altre tipologie,2800.00,10019.82,n.d.,n.d.,2024-01-22,2026-03-15,2024-01-22–2024-03-21 2800.00; 2024-09-16–2025-03-15 7633.59; 2025-03-16–2025-09-15 8492.88; 2025-09-16–2026-03-15 10019.82,https://www.cnr.it/it/trasparenza/incarichi-altre-tipologie,segnalazioni-card.tsv S-C8-0531 S-C8-0645 S-C8-0687 S-C8-1173,più incarichi distinti senza oggetto nominativo in card; importo_somma n.d.: totale di cluster non in AT (somma atti non pubblicata)
row-e991f2ef45bea3736d17b7a4,R-141,731dbe18d79777bd14dc6fcb8f7e4e8eaa825a495299f7b81dfca30a93fb36d1,141,https://www.cnr.it/it/trasparenza/incarichi-consulenza,R-141,media,CNR,cnr,DE GUGLIELMO DOMENICO,2,multi_incarico,2 oggetti; più frequente: incarichi di consulenza,24500.00,4092.00,n.d.,n.d.,2025-04-29,n.d.,2025-04-29–n.d. 24500.00; 2025-12-16–n.d. 4092.00,https://www.cnr.it/it/trasparenza/incarichi-consulenza,segnalazioni-card.tsv S-C8-0208 S-C8-1025,più incarichi distinti senza oggetto nominativo in card; importo_somma n.d.: totale di cluster non in AT (somma atti non pubblicata)
row-ac686b6daaa7dccf2bac01c7,R-142,8f4266549a3168266944eccb0abbf017b98d2348ff18c6da00fb8d8875acf7bf,142,https://www.cnr.it/it/trasparenza/incarichi-altre-tipologie,R-142,media,CNR,cnr,Di Lizia Mariagiulia,2,rinnovo,2 oggetti; più frequente: incarichi extra-ruolo / altre tipologie,12310.33,16000.00,n.d.,n.d.,2025-10-10,2026-06-29,2025-10-10–2025-12-15 12310.33; 2026-01-30–2026-06-29 16000.00,https://www.cnr.it/it/trasparenza/incarichi-altre-tipologie,segnalazioni-card.tsv S-C8-0344 S-C8-0442,"extra-ruolo CNR, atti successivi sullo stesso elenco altre-tipologie; importo_somma n.d.: totale di cluster non in AT (somma atti non pubblicata)"
row-6cbe68d05a5798afef9509bc,R-143,3c0fc58729eb1388f6a9ed497a53f76449da6e73123d02b4542c0647dc71c517,143,https://aranagenzia.portaletrasparenza.net/it/trasparenza/personale/incarichi-conferiti-e-autorizzati-ai-dipendenti-dirigenti-e-non-dirigenti.html,R-143,media,ARAN,ARNPA,Marta Branca,2,multi_incarico,2 oggetti,4068.00,24000.00,n.d.,n.d.,2024-05-22,n.d.,2024-05-22–n.d. 4068.00; 2026-01-30–n.d. 24000.00,https://aranagenzia.portaletrasparenza.net/it/trasparenza/personale/incarichi-conferiti-e-autorizzati-ai-dipendenti-dirigenti-e-non-dirigenti.html,segnalazioni-card.tsv S-C3-04 S-C3-66,più incarichi distinti senza oggetto nominativo in card; importo_somma n.d.: totale di cluster non in AT (somma atti non pubblicata)
row-1e2d82baff441473b1de681d,R-144,978d5c9c7c2e98b342c97d54226ede7a5677ac1f109b693ea74fd04fb0a6b92a,144,https://www.amministrazionetrasparente.enea.it/consulenti-e-collaboratori.html,R-144,media,ENEA,eanln_rm,Gianluca Anderlini,3,rinnovo,3 oggetti,10000.00,7500.00,n.d.,n.d.,2024-01-01,2026-12-31,2024-01-01–2024-12-31 10000.00; 2025-01-01–2025-12-31 10000.00; 2026-01-01–2026-12-31 7500.00,https://www.amministrazionetrasparente.enea.it/consulenti-e-collaboratori.html,segnalazioni-card.tsv S-C8-1539 S-C8-1540 S-C8-1545,oggetto non in card; classificato rinnovo per importi omogenei sullo stesso elenco; importo_somma n.d.: totale di cluster non in AT (somma atti non pubblicata)
row-eb9a7f2537dbc198c509d6b0,R-145,68fd329a3dcc58494dad45404ee31217c0ebf08fff00a8e2968eed0a40b02de4,145,https://amministrazione-trasparente.ingv.it/web/trasparenza/pas/-/pas/igrid/11068,R-145,media,INGV,ingv,BUONGIORNO MARIA FABRIZIA,3,multi_incarico,3 oggetti,20000.00,800.00,n.d.,n.d.,n.d.,n.d.,n.d.–n.d. 20000.00; n.d.–n.d. 6400.00; n.d.–n.d. 800.00,https://amministrazione-trasparente.ingv.it/web/trasparenza/pas/-/pas/igrid/11068,segnalazioni-card.tsv S-C8-1882 S-C8-1949 S-C8-2182 S-C8-1950,più incarichi distinti senza oggetto nominativo in card; importo_somma n.d.: totale di cluster non in AT (somma atti non pubblicata)
row-4dea1cf26f977ac563f6662f,R-146,785510f21b679d1715313e99f22c72ab4c72ca74666dd1e3ccd2cdcd66da3ff3,146,https://www.studigermanici.it/istituto/organizzazione/amministrazione-trasparente/titolari-di-incarichi/,R-146,media,Istituto Italiano di Studi Germanici,iisg,ARANHA PAOLO,3,rinnovo,3 oggetti,9000.00,9000.00,n.d.,n.d.,2023-09-01,2025-02-28,2023-09-01–2024-02-29 9000.00; 2024-03-01–2024-08-31 9000.00; 2024-09-01–2025-02-28 9000.00,https://www.studigermanici.it/istituto/organizzazione/amministrazione-trasparente/titolari-di-incarichi/,segnalazioni-card.tsv S-C8-3096 S-C8-3097 S-C8-3104,oggetto non in card; classificato rinnovo per importi omogenei sullo stesso elenco; importo_somma n.d.: totale di cluster non in AT (somma atti non pubblicata)
row-4557b4c5d42099781be5ccfc,R-147,6387390c2e0ff3099b1833b7308a59f00b1f101b6119c49c7c2777ac20d8b93e,147,https://www.studigermanici.it/istituto/organizzazione/amministrazione-trasparente/titolari-di-incarichi/,R-147,media,Istituto Italiano di Studi Germanici,iisg,BIAGIONI CHARLES,2,rinnovo,2 oggetti,9000.00,18000.00,n.d.,n.d.,2025-09-15,2027-03-15,2025-09-15–2025-09-15 9000.00; 2026-03-16–2027-03-15 18000.00,https://www.studigermanici.it/istituto/organizzazione/amministrazione-trasparente/titolari-di-incarichi/,segnalazioni-card.tsv S-C8-3129 S-C8-3141,oggetto non in card; classificato rinnovo per importi omogenei sullo stesso elenco; importo_somma n.d.: totale di cluster non in AT (somma atti non pubblicata)
row-dac57379fb6c171c970153bd,R-148,12f4698b2d69182e4cd1a51040ad8c3f57b6b944efd4838d0a5f202613c55f1f,148,https://www.studigermanici.it/istituto/organizzazione/amministrazione-trasparente/titolari-di-incarichi/,R-148,media,Istituto Italiano di Studi Germanici,iisg,BRUZZESE ANDREA,2,rinnovo,2 oggetti,18000.00,9000.00,n.d.,n.d.,2023-06-01,2024-11-30,2023-06-01–2024-05-31 18000.00; 2024-06-01–2024-11-30 9000.00,https://www.studigermanici.it/istituto/organizzazione/amministrazione-trasparente/titolari-di-incarichi/,segnalazioni-card.tsv S-C8-3094 S-C8-3103,oggetto non in card; classificato rinnovo per importi omogenei sullo stesso elenco; importo_somma n.d.: totale di cluster non in AT (somma atti non pubblicata)
row-ee7ee31df3b7cfe33ac58ed9,R-149,17d75e5b7addf67ccf4e2441c2be6c6fe5b9145d95bf1fdae4e8c611b9a0c5fc,149,https://www.studigermanici.it/istituto/organizzazione/amministrazione-trasparente/titolari-di-incarichi/,R-149,media,Istituto Italiano di Studi Germanici,iisg,CAROSI CHIARA,2,rinnovo,2 oggetti,9000.00,18000.00,n.d.,n.d.,2024-01-08,2025-07-07,2024-01-08–2024-07-07 9000.00; 2024-07-08–2025-07-07 18000.00,https://www.studigermanici.it/istituto/organizzazione/amministrazione-trasparente/titolari-di-incarichi/,segnalazioni-card.tsv S-C8-3111 S-C8-3112,oggetto non in card; classificato rinnovo per importi omogenei sullo stesso elenco; importo_somma n.d.: totale di cluster non in AT (somma atti non pubblicata)
row-d560b24acfe44aac4f80bae2,R-150,74e73245bcd995b375c6abf30d178692601c05ac3f4f8c548553e298d06fa45c,150,https://www.studigermanici.it/istituto/organizzazione/amministrazione-trasparente/titolari-di-incarichi/,R-150,media,Istituto Italiano di Studi Germanici,iisg,TURCO LIVERI,2,rinnovo,2 oggetti,9000.00,18000.00,n.d.,n.d.,2025-09-15,2027-03-15,2025-09-15–2026-03-16 9000.00; 2026-03-16–2027-03-15 18000.00,https://www.studigermanici.it/istituto/organizzazione/amministrazione-trasparente/titolari-di-incarichi/,segnalazioni-card.tsv S-C8-3130 S-C8-3139,oggetto non in card; classificato rinnovo per importi omogenei sullo stesso elenco; importo_somma n.d.: totale di cluster non in AT (somma atti non pubblicata)
row-2fb96cc5439e69757ea8bc89,R-151,b4bcc0bbcb7bdefa5fc21e2a3e9319c04668cb2fd78cf9f8bbc1f421f41aa2a5,151,https://www.cnr.it/it/trasparenza/incarichi-consulenza,R-151,media,CNR,cnr,TAGLIACOZZO SERENA,2,multi_incarico,2 oggetti; più frequente: incarichi di consulenza,7366.41,19083.96,n.d.,n.d.,2025-08-04,2026-10-31,2025-08-04–2025-10-30 7366.41; 2025-12-15–2026-10-31 19083.96,https://www.cnr.it/it/trasparenza/incarichi-consulenza,segnalazioni-card.tsv S-C8-0297 S-C8-0706,più incarichi distinti senza oggetto nominativo in card; importo_somma n.d.: totale di cluster non in AT (somma atti non pubblicata)
row-ce665e1e32884659a19eac2b,R-152,5847463f23be557b990814e7e185b31c3ff7c9a1b448a49451424e3735819143,152,https://trasparenza.ispettorato.gov.it/page/46/details/74925/iam-torino-aosta-attivita-di-medico-competente-in-adesione-convenzione-inail.html,R-152,media,INL,inlavoro,Alessandra Pochini,2,multi_incarico,2 oggetti,16186.25,10000.00,n.d.,n.d.,2024-01-01,2027-09-16,2024-01-01–2024-09-16 16186.25; 2024-09-17–2027-09-16 10000.00,https://trasparenza.ispettorato.gov.it/page/46/details/74925/iam-torino-aosta-attivita-di-medico-competente-in-adesione-convenzione-inail.html,segnalazioni-card.tsv S-C3-98 S-C3-105,sezioni AT diverse (es. consulenza vs altre-tipologie); atti distinti; importo_somma n.d.: totale di cluster non in AT (somma atti non pubblicata)
row-1c07f868abdbcbbda454fee0,R-153,865399bea5a8faf502da35ff043c2d4fd3ea00b0f2e828a4b1a2a6ef9a44c6bb,153,https://www.cnr.it/it/trasparenza/incarichi-altre-tipologie,R-153,media,CNR,cnr,Baliva Giulia,2,multi_incarico,2 oggetti; più frequente: incarichi di consulenza,12000.00,14000.00,n.d.,n.d.,2024-09-02,2025-06-02,2024-09-02–2025-06-02 12000.00; 2026-03-25–n.d. 14000.00,https://www.cnr.it/it/trasparenza/incarichi-altre-tipologie,segnalazioni-card.tsv S-C8-0397 S-C8-0455,sezioni AT diverse (es. consulenza vs altre-tipologie); atti distinti; importo_somma n.d.: totale di cluster non in AT (somma atti non pubblicata)
row-973859e4b0f81714bc82cd84,R-154,50a58fb1f9f25cf69bc465c0937d130883eddd38bb52e27af36577dd9e872020,154,https://trasparenza.ispettorato.gov.it/page/46/details/72385/itl-lecce-incarico-medico-competente-.html,R-154,media,INL,inlavoro,Vincenzo Rutigliano,3,multi_incarico,3 oggetti,15114.80,5800.00,n.d.,n.d.,2024-01-30,2027-09-05,2024-01-30–2024-12-31 15114.80; 2025-02-11–2027-02-10 5000.00; 2026-01-01–2027-09-05 5800.00,https://trasparenza.ispettorato.gov.it/page/46/details/72385/itl-lecce-incarico-medico-competente-.html,segnalazioni-card.tsv S-C3-99 S-C3-114 S-C3-116,sezioni AT diverse (es. consulenza vs altre-tipologie); atti distinti; importo_somma n.d.: totale di cluster non in AT (somma atti non pubblicata)
row-ec646ef3dd3460143b793db3,R-155,9284615886793d32c3fb94ae1c050e7a2b793e55fddf527aa571060018e99e19,155,https://www.cnr.it/it/trasparenza/incarichi-consulenza,R-155,media,CNR,cnr,SIMONI MARCO,2,multi_incarico,2 oggetti; più frequente: incarichi di consulenza,22500.00,3000.00,n.d.,n.d.,2025-05-15,2025-12-30,2025-05-15–2025-12-30 22500.00; 2026-02-03–n.d. 3000.00,https://www.cnr.it/it/trasparenza/incarichi-consulenza,segnalazioni-card.tsv S-C8-0250 S-C8-1156,più incarichi distinti senza oggetto nominativo in card; importo_somma n.d.: totale di cluster non in AT (somma atti non pubblicata)
row-ae0fff1fd5ce7ea4848aadf7,R-156,26646fd1fdf96b7ead82362fb6776b34b39b32dae325724684073b74a4e4d786,156,https://www.cnr.it/it/trasparenza/incarichi-altre-tipologie,R-156,media,CNR,cnr,PIPERNO GIACOMO,2,rinnovo,2 oggetti; più frequente: incarichi extra-ruolo / altre tipologie,15000.00,10004.00,n.d.,n.d.,2024-10-30,2025-10-20,2024-10-30–2025-02-28 15000.00; 2025-05-21–2025-10-20 10004.00,https://www.cnr.it/it/trasparenza/incarichi-altre-tipologie,segnalazioni-card.tsv S-C8-0383 S-C8-0534,"extra-ruolo CNR, atti successivi sullo stesso elenco altre-tipologie; importo_somma n.d.: totale di cluster non in AT (somma atti non pubblicata)"
row-214aae3f671d8aa42a116dbe,R-157,071598417f722d36b7c72185b55367f2f0cfa2ab62828b79aee4a3ca98d3c694,157,https://amministrazione-trasparente.ingv.it/web/trasparenza/pas/-/pas/igrid/11068,R-157,media,INGV,ingv,TORRE GIOVANNI,5,rinnovo,Decreto del Preside,12000.00,500.00,n.d.,n.d.,n.d.,n.d.,n.d.–n.d. 12000.00; n.d.–n.d. 6500.00; n.d.–n.d. 5000.00; n.d.–n.d. 1000.00; n.d.–n.d. 500.00,https://amministrazione-trasparente.ingv.it/web/trasparenza/pas/-/pas/igrid/11068,segnalazioni-card.tsv S-C8-1906 S-C8-1948 S-C8-1991 S-C8-2162 S-C8-2239 S-C8-1990,importo_somma n.d.: totale di cluster non in AT (somma atti non pubblicata)
row-759a9d98409ea7669883016e,R-158,e37643f4a3efea0682adb7d6b30a725b93d5f6f965cdebc76e61e5afade7bb91,158,https://amministrazione-trasparente.ingv.it/web/trasparenza/pas/-/pas/igrid/11068,R-158,media,INGV,ingv,BORGHI ALESSANDRA,6,multi_incarico,6 oggetti,10000.00,640.00,n.d.,n.d.,n.d.,n.d.,n.d.–n.d. 10000.00; n.d.–n.d. 7000.00; n.d.–n.d. 5000.00; n.d.–n.d. 1120.00; n.d.–n.d. 960.00; n.d.–n.d. 640.00,https://amministrazione-trasparente.ingv.it/web/trasparenza/pas/-/pas/igrid/11068,segnalazioni-card.tsv S-C8-1916 S-C8-1946 S-C8-1971 S-C8-2147 S-C8-2164 S-C8-2203 S-C8-2148 S-C8-2204,più incarichi distinti senza oggetto nominativo in card; importo_somma n.d.: totale di cluster non in AT (somma atti non pubblicata)
row-0e1d326cdb4a33113013d485,R-159,739513a878c2d75fe99530cb90c783ad699a25420b03d23926d9a9758f8c222a,159,https://www.cnr.it/it/trasparenza/incarichi-altre-tipologie,R-159,media,CNR,cnr,MARTELLA STEFANO,3,multi_incarico,3 oggetti; più frequente: incarichi di consulenza,12300.00,6000.00,n.d.,n.d.,2024-06-17,2026-05-22,2024-06-17–2025-01-31 12300.00; 2026-01-22–2026-05-22 5882.35; 2026-02-20–2026-03-19 6000.00,https://www.cnr.it/it/trasparenza/incarichi-altre-tipologie,segnalazioni-card.tsv S-C8-0448 S-C8-0816 S-C8-0834,sezioni AT diverse (es. consulenza vs altre-tipologie); atti distinti; importo_somma n.d.: totale di cluster non in AT (somma atti non pubblicata)
row-bdb85c6082dd245ae3ade866,R-160,7cd4d015060b22c3ff662e88eb1257e70dfdb098b618b1f850c686bc9722801e,160,https://amministrazione-trasparente.ingv.it/web/trasparenza/pas/-/pas/igrid/11068,R-160,media,INGV,ingv,BARONE MASSIMILIANO,7,multi_incarico,7 oggetti,13500.00,206.60,n.d.,n.d.,n.d.,n.d.,n.d.–n.d. 13500.00; n.d.–n.d. 6000.00; n.d.–n.d. 1760.00; n.d.–n.d. 1033.00; n.d.–n.d. 774.75; n.d.–n.d. 516.50; n.d.–n.d. 206.60,https://amministrazione-trasparente.ingv.it/web/trasparenza/pas/-/pas/igrid/11068,segnalazioni-card.tsv S-C8-1897 S-C8-1955 S-C8-2101 S-C8-2150 S-C8-2185 S-C8-2225 S-C8-2290,più incarichi distinti senza oggetto nominativo in card; importo_somma n.d.: totale di cluster non in AT (somma atti non pubblicata)
row-e675052753fe1070292b2fe5,R-161,9a4173a5067b13882d58a718b7a8b17dbb1030e97a958260e1c725e704099885,161,https://www.agenziaentrateriscossione.gov.it/it/il-gruppo/amministrazionetrasparente/consulentiCollaboratori/titolari-di-incarichi-di-collaborazione-o-consulenza/,R-161,media,Agenzia delle Entrate-Riscossione,esrsris,Avv. Antonio Zottarelli,6,multi_incarico,6 patrocini distinti (rappresentanza in giudizio),3408.60,2958.90,n.d.,n.d.,2025-01-23,n.d.,2025-01-23–n.d. 3408.60; 2025-03-10–n.d. 1662.44; 2025-03-13–n.d. 9155.38; 2025-09-05–n.d. 4531.64; 2025-09-25–n.d. 1762.56; 2025-09-30–n.d. 2958.90,https://www.agenziaentrateriscossione.gov.it/it/il-gruppo/amministrazionetrasparente/consulentiCollaboratori/titolari-di-incarichi-di-collaborazione-o-consulenza/,nominativi-incarichi.tsv,"6 patrocini distinti AdER, non proroga di un retainer; importo_somma n.d.: totale di cluster non in AT (somma atti non pubblicata)"
row-316f323a77be9366ae517d32,R-162,d37ccaa624cecf69923ba11c9859b4361252ce0215d3b4200c7f861367b4d00b,162,https://www.cnr.it/it/trasparenza/incarichi-consulenza,R-162,media,CNR,cnr,KUMAR VINAY,3,multi_incarico,3 oggetti; più frequente: incarichi di consulenza,3200.00,7910.00,n.d.,n.d.,2024-12-30,2026-05-20,2024-12-30–2025-01-29 3200.00; 2026-01-07–2026-05-20 12272.00; 2026-05-13–n.d. 7910.00,https://www.cnr.it/it/trasparenza/incarichi-consulenza,segnalazioni-card.tsv S-C8-0450 S-C8-0675 S-C8-1130,più incarichi distinti senza oggetto nominativo in card; importo_somma n.d.: totale di cluster non in AT (somma atti non pubblicata)
row-42354ba120158a8c82f02c9a,R-163,b4b684d817cdd915bc2785100517bb13e6704111a67991f228a3a89ec2470182,163,https://www.cnr.it/it/trasparenza/incarichi-altre-tipologie,R-163,media,CNR,cnr,ROBERTO POLI,2,rinnovo,2 oggetti; più frequente: incarichi extra-ruolo / altre tipologie,10000.00,13000.00,n.d.,n.d.,2023-09-18,2025-06-10,2023-09-18–2024-09-17 10000.00; 2024-12-10–2025-06-10 13000.00,https://www.cnr.it/it/trasparenza/incarichi-altre-tipologie,segnalazioni-card.tsv S-C8-0426 S-C8-0567 S-C8-0568,"extra-ruolo CNR, atti successivi sullo stesso elenco altre-tipologie; importo_somma n.d.: totale di cluster non in AT (somma atti non pubblicata)"
row-2f3f81e7f44449365ea8fc81,R-164,a91f920b93587256191284d4b7bf4592862aece5d8ce1413ed84d6af90d2854d,164,https://amministrazione-trasparente.ingv.it/web/trasparenza/pas/-/pas/igrid/10986,R-164,media,INGV,ingv,SPOSATO MONICA,2,multi_incarico,2 oggetti,18000.00,5000.00,n.d.,n.d.,n.d.,n.d.,n.d.–n.d. 18000.00; n.d.–n.d. 5000.00,https://amministrazione-trasparente.ingv.it/web/trasparenza/pas/-/pas/igrid/10986,segnalazioni-card.tsv S-C8-1886 S-C8-1987,più incarichi distinti senza oggetto nominativo in card; importo_somma n.d.: totale di cluster non in AT (somma atti non pubblicata)
row-dc7ed5e3531f2ebd579b6aeb,R-165,963b4fdad4c80047a38a537fb129a45824eb4b0a8b68f2a2aa4796a3cd744e6b,165,https://www.istitutoitalianonumismatica.it/trasparenza/,R-165,media,Istituto Italiano di Numismatica,SQ4C1NAN,Silvana Oliviero,2,rinnovo,2 oggetti,10000.00,13000.00,n.d.,n.d.,2025-09-25,n.d.,2025-09-25–n.d. 10000.00; 2026-01-01–n.d. 13000.00,https://www.istitutoitalianonumismatica.it/trasparenza/,segnalazioni-card.tsv S-C8-2859 S-C8-2866,oggetto non in card; classificato rinnovo per importi omogenei sullo stesso elenco; importo_somma n.d.: totale di cluster non in AT (somma atti non pubblicata)
row-a73f59d73b3d822d2390a2e8,R-166,2a0f0d5f396071f390bf2f199a4bb15255ebb6b1f58c039300c93ce83c139db6,166,https://www.cnr.it/it/trasparenza/incarichi-consulenza,R-166,media,CNR,cnr,Iurlaro Donato,2,multi_incarico,2 oggetti; più frequente: incarichi di consulenza,19230.77,3711.00,n.d.,n.d.,2024-08-12,2025-05-11,2024-08-12–2025-05-11 19230.77; 2025-06-23–n.d. 3711.00,https://www.cnr.it/it/trasparenza/incarichi-consulenza,segnalazioni-card.tsv S-C8-0290 S-C8-1076,sezioni AT diverse (es. consulenza vs altre-tipologie); atti distinti; importo_somma n.d.: totale di cluster non in AT (somma atti non pubblicata)
row-009d08acc9813537ae07fd3c,R-167,1f2bc3ed4d1317b1c51a25663c20c965102a745fdfadd961347aab1dfd0bff13,167,https://www.cnr.it/it/trasparenza/incarichi-altre-tipologie,R-167,media,CNR,cnr,Leganza Andrea,2,rinnovo,2 oggetti; più frequente: incarichi extra-ruolo / altre tipologie,11450.38,11450.38,n.d.,n.d.,2024-01-04,2025-08-08,2024-01-04–2024-07-02 11450.38; 2024-12-11–2025-08-08 11450.38,https://www.cnr.it/it/trasparenza/incarichi-altre-tipologie,segnalazioni-card.tsv S-C8-0488 S-C8-0489,"extra-ruolo CNR, atti successivi sullo stesso elenco altre-tipologie; importo_somma n.d.: totale di cluster non in AT (somma atti non pubblicata)"
row-1ba6be1657e350d6398dacef,R-168,1d92d97500954ba0eb8ebe4ee7cdec95f80bf07a4be88c86066a428a1e6386bf,168,https://www.cnr.it/it/trasparenza/incarichi-altre-tipologie,R-168,media,CNR,cnr,VENTIMIGLIA MARIA VENTIMIGLIA MARIA,2,rinnovo,2 oggetti; più frequente: incarichi extra-ruolo / altre tipologie,10750.00,12002.00,n.d.,n.d.,2025-06-26,2026-10-06,2025-06-26–2025-12-25 10750.00; 2026-04-07–2026-10-06 12002.00,https://www.cnr.it/it/trasparenza/incarichi-altre-tipologie,segnalazioni-card.tsv S-C8-0454 S-C8-0503,"extra-ruolo CNR, atti successivi sullo stesso elenco altre-tipologie; importo_somma n.d.: totale di cluster non in AT (somma atti non pubblicata)"
row-488328dda11db4608a09a1a7,R-169,414dd01a0db217fe6a58f447dd9ab1c373b4f78afec02a6d414d93952041234d,169,https://www.cnr.it/it/trasparenza/incarichi-altre-tipologie,R-169,media,CNR,cnr,GONZALEZ FUENTES ALEX OMAR IGNAZIO,2,rinnovo,2 oggetti; più frequente: incarichi extra-ruolo / altre tipologie,4608.00,18000.00,n.d.,n.d.,2025-11-01,2026-08-31,2025-11-01–2025-12-31 4608.00; 2026-04-20–2026-08-31 18000.00,https://www.cnr.it/it/trasparenza/incarichi-altre-tipologie,segnalazioni-card.tsv S-C8-0309 S-C8-0975,"extra-ruolo CNR, atti successivi sullo stesso elenco altre-tipologie; importo_somma n.d.: totale di cluster non in AT (somma atti non pubblicata)"
row-b549271836e99db4f84d02ab,R-170,bda3455e8d75b9864e745bfd3eded2ef6f0364b02f00225da674fc32d21b2fe8,170,https://www.cnr.it/it/trasparenza/incarichi-altre-tipologie,R-170,media,CNR,cnr,FORTEBRACCIO MARIO,2,rinnovo,2 oggetti; più frequente: incarichi extra-ruolo / altre tipologie,11500.00,11057.70,n.d.,n.d.,2026-02-20,2026-07-20,2026-02-20–2026-03-19 11500.00; 2026-02-20–2026-07-20 11057.70,https://www.cnr.it/it/trasparenza/incarichi-altre-tipologie,segnalazioni-card.tsv S-C8-0481 S-C8-0495,"extra-ruolo CNR, atti successivi sullo stesso elenco altre-tipologie; importo_somma n.d.: totale di cluster non in AT (somma atti non pubblicata)"
row-baa882a91e6f1e93cfd376e4,R-171,ba2ba09086873c2e85dbfffa85b278a65ed942de995818c9920cbb8dd5047dbf,171,https://www.cnr.it/it/trasparenza/incarichi-consulenza,R-171,media,CNR,cnr,ERBAGGIO ARTURO,2,rinnovo,2 oggetti; più frequente: incarichi di consulenza,10000.00,12500.00,n.d.,n.d.,2024-08-05,2025-11-30,2024-08-05–2025-02-04 10000.00; 2025-06-01–2025-11-30 12500.00,https://www.cnr.it/it/trasparenza/incarichi-consulenza,segnalazioni-card.tsv S-C8-0434 S-C8-0550,oggetto non in card; classificato rinnovo per importi omogenei sullo stesso elenco; importo_somma n.d.: totale di cluster non in AT (somma atti non pubblicata)
row-6588a4d7c756e8d5d0e34d18,R-172,649b86bc64da242485cdb8385def7a22bd327d501a01f054730f16a1c2910f08,172,https://www.cnr.it/it/trasparenza/incarichi-consulenza,R-172,media,CNR,cnr,ZACCAGNINI GIANLUCA,2,multi_incarico,2 oggetti; più frequente: incarichi di consulenza,6120.00,16000.00,n.d.,n.d.,2025-10-01,2026-09-19,2025-10-01–2025-12-31 6120.00; 2026-01-20–2026-09-19 16000.00,https://www.cnr.it/it/trasparenza/incarichi-consulenza,segnalazioni-card.tsv S-C8-0349 S-C8-0791,più incarichi distinti senza oggetto nominativo in card; importo_somma n.d.: totale di cluster non in AT (somma atti non pubblicata)
row-eb6ff4e403ac442cf5262a1f,R-173,0527f635567cf07d6e548e314b27e597b236505d2e9984dc96a07ba3c361c0e6,173,https://www.cnr.it/it/trasparenza/incarichi-consulenza,R-173,media,CNR,cnr,GELLI MARCO,4,multi_incarico,4 oggetti; più frequente: incarichi di consulenza,2000.00,6502.00,n.d.,n.d.,2023-12-18,2025-11-23,2023-12-18–2024-02-17 2000.00; 2024-06-24–2024-09-23 6500.00; 2025-01-02–2025-05-01 6502.00; 2025-10-10–2025-11-23 6502.00,https://www.cnr.it/it/trasparenza/incarichi-consulenza,segnalazioni-card.tsv S-C8-0762 S-C8-0763 S-C8-0767 S-C8-1280 S-C8-0764,sezioni AT diverse (es. consulenza vs altre-tipologie); atti distinti; importo_somma n.d.: totale di cluster non in AT (somma atti non pubblicata)
row-6497f4abb4e9e0f6709a9739,R-174,a16988e6633c64cba79f50760ea7cc63aaca48da18c884d566349476b95bdce2,174,https://www.cnr.it/it/trasparenza/incarichi-altre-tipologie,R-174,media,CNR,cnr,TONON MASSIMO,2,rinnovo,2 oggetti; più frequente: incarichi extra-ruolo / altre tipologie,9000.00,12500.08,n.d.,n.d.,2024-01-08,2025-09-30,2024-01-08–2024-01-31 9000.00; 2025-07-01–2025-09-30 12500.08,https://www.cnr.it/it/trasparenza/incarichi-altre-tipologie,segnalazioni-card.tsv S-C8-0433 S-C8-0628,"extra-ruolo CNR, atti successivi sullo stesso elenco altre-tipologie; importo_somma n.d.: totale di cluster non in AT (somma atti non pubblicata)"
row-8a7a8c7fd9b91596ebb6cb47,R-175,85f5042bbd7577ae39a9c32ea2e1017592c8aaff5938da5237bf62906ec3b90f,175,https://www.cnr.it/it/trasparenza/incarichi-altre-tipologie,R-175,media,CNR,cnr,SBAFFI TOMASA,2,rinnovo,2 oggetti; più frequente: incarichi extra-ruolo / altre tipologie,15000.00,6500.00,n.d.,n.d.,2025-04-08,n.d.,2025-04-08–n.d. 15000.00; 2025-12-17–n.d. 6500.00,https://www.cnr.it/it/trasparenza/incarichi-altre-tipologie,segnalazioni-card.tsv S-C8-0385 S-C8-0773,"extra-ruolo CNR, atti successivi sullo stesso elenco altre-tipologie; importo_somma n.d.: totale di cluster non in AT (somma atti non pubblicata)"
row-b1b60553b1ac578938fc3cbc,R-176,3d4c76cfc5ffaf27e20320e9dad85bd72fc5e2c40e6122215ffe44bcd19c2baf,176,https://www.agenziaentrateriscossione.gov.it/it/il-gruppo/amministrazionetrasparente/consulentiCollaboratori/titolari-di-incarichi-di-collaborazione-o-consulenza/,R-176,media,Agenzia delle Entrate-Riscossione,esrsris,Avv. Arturo Maresca,6,multi_incarico,6 patrocini distinti (rappresentanza in giudizio),1794.00,3172.00,n.d.,n.d.,2024-12-19,n.d.,2024-12-19–n.d. 1794.00; 2025-04-07–n.d. 2730.00; 2025-04-28–n.d. 3016.00; 2025-09-04–n.d. 2730.00; 2025-09-18–n.d. 7846.80; 2025-10-23–n.d. 3172.00,https://www.agenziaentrateriscossione.gov.it/it/il-gruppo/amministrazionetrasparente/consulentiCollaboratori/titolari-di-incarichi-di-collaborazione-o-consulenza/,nominativi-incarichi.tsv,"6 patrocini distinti AdER, non proroga di un retainer; importo_somma n.d.: totale di cluster non in AT (somma atti non pubblicata)"
row-0efd111b583e377928bbab50,R-177,b565ccad8ddbc7d46d9ae52072b8ebf7b7619322412f3bfdfb245cb6bc703769,177,https://www.indire.it/wp-content/uploads/2026/05/Elenco-incarichi-di-prestazione-dopera_aprile-2026-3-1-1.xlsx,R-177,media,INDIRE,indire,Soffiati Patrizia,2,rinnovo,2 oggetti; più frequente: prestazione d'opera / collaborazione INDIRE,14350.00,6800.00,n.d.,n.d.,n.d.,n.d.,n.d.–n.d. 14350.00; n.d.–n.d. 6800.00,https://www.indire.it/wp-content/uploads/2026/05/Elenco-incarichi-di-prestazione-dopera_aprile-2026-3-1-1.xlsx,segnalazioni-card.tsv S-C8-2700 S-C8-2722,oggetto non in card; classificato rinnovo per importi omogenei sullo stesso elenco; importo_somma n.d.: totale di cluster non in AT (somma atti non pubblicata)
row-e9cd9b6e83026ed4879c7501,R-178,ddc3d3b82c18bbebe13e9d18065ad76cc2f3ac208825660fe6e2ed20791e7cb2,178,https://www.cnr.it/it/trasparenza/incarichi-altre-tipologie,R-178,media,CNR,cnr,IMPRENTI FIORELLA,2,rinnovo,2 oggetti; più frequente: incarichi extra-ruolo / altre tipologie,10000.00,11000.00,n.d.,n.d.,2023-05-30,2025-02-25,2023-05-30–2024-05-30 10000.00; 2024-11-25–2025-02-25 11000.00,https://www.cnr.it/it/trasparenza/incarichi-altre-tipologie,segnalazioni-card.tsv S-C8-0497 S-C8-0554,"extra-ruolo CNR, atti successivi sullo stesso elenco altre-tipologie; importo_somma n.d.: totale di cluster non in AT (somma atti non pubblicata)"
row-e84d50359119bc6ce64a47a4,R-179,5e0af5cfae70e1dd8ab3ee16872d0dd4e146d5373ce370ed248df3680d40a240,179,https://www.cnr.it/it/trasparenza/incarichi-altre-tipologie,R-179,media,CNR,cnr,MARIANI LIVIA,2,rinnovo,2 oggetti; più frequente: incarichi extra-ruolo / altre tipologie,10500.00,10500.00,n.d.,n.d.,2024-04-15,2024-09-14,2024-04-15–2024-09-14 10500.00; 2025-12-16–n.d. 10500.00,https://www.cnr.it/it/trasparenza/incarichi-altre-tipologie,segnalazioni-card.tsv S-C8-0516 S-C8-0517,"extra-ruolo CNR, atti successivi sullo stesso elenco altre-tipologie; importo_somma n.d.: totale di cluster non in AT (somma atti non pubblicata)"
row-ca753d3286f079470cccc5ec,R-180,760daae851f2119bd557345336f2467c97dbba4aaf5417efef8ec71fee0f5648,180,https://www.cnr.it/it/trasparenza/incarichi-consulenza,R-180,media,CNR,cnr,MACCHIONE FRANCESCO GIUSEPPE,3,rinnovo,3 oggetti; più frequente: incarichi di consulenza,6870.00,7050.00,n.d.,n.d.,2023-06-12,2025-08-03,2023-06-12–2024-06-11 6870.00; 2024-11-04–2025-08-03 7050.00; 2025-10-15–n.d. 7050.00,https://www.cnr.it/it/trasparenza/incarichi-consulenza,segnalazioni-card.tsv S-C8-0716 S-C8-0717 S-C8-0749,oggetto non in card; classificato rinnovo per importi omogenei sullo stesso elenco; importo_somma n.d.: totale di cluster non in AT (somma atti non pubblicata)
row-7c634ad370151718bcdd35c0,R-181,00bf305cba417423bad54353a2183950d8433478decb07db3ad5756937f72bb9,181,https://www.cnr.it/it/trasparenza/incarichi-consulenza,R-181,media,CNR,cnr,Cifra Marco,2,multi_incarico,2 oggetti; più frequente: incarichi di consulenza,10310.00,10478.00,n.d.,n.d.,2024-02-08,2026-02-10,2024-02-08–2025-02-07 10310.00; 2025-06-10–2026-02-10 10478.00,https://www.cnr.it/it/trasparenza/incarichi-consulenza,segnalazioni-card.tsv S-C8-0518 S-C8-0519,sezioni AT diverse (es. consulenza vs altre-tipologie); atti distinti; importo_somma n.d.: totale di cluster non in AT (somma atti non pubblicata)
row-bf372e042f56a6a0d66453c2,R-182,63357e45cab5a68c99e392042685fea277f31d80f13e5cb4897f773e6adad570,182,https://www.cnr.it/it/trasparenza/incarichi-altre-tipologie,R-182,media,CNR,cnr,GARBATI PATRIZIA,2,rinnovo,2 oggetti; più frequente: incarichi extra-ruolo / altre tipologie,8400.00,12320.00,n.d.,n.d.,2023-07-19,2025-05-11,2023-07-19–2024-05-18 8400.00; 2024-12-12–2025-05-11 12320.00,https://www.cnr.it/it/trasparenza/incarichi-altre-tipologie,segnalazioni-card.tsv S-C8-0438 S-C8-0651,"extra-ruolo CNR, atti successivi sullo stesso elenco altre-tipologie; importo_somma n.d.: totale di cluster non in AT (somma atti non pubblicata)"
row-cfaa22206e7c373d0bdbad76,R-183,99d62d31add2880da497ba175fd5a9259e7f43da7eaba3739974a04f417b2478,183,https://www.cnr.it/it/trasparenza/incarichi-consulenza,R-183,media,CNR,cnr,GUERMECH SALMA,2,multi_incarico,2 oggetti; più frequente: incarichi di consulenza,8000.00,12500.00,n.d.,n.d.,2024-10-02,2026-12-31,2024-10-02–2024-12-31 8000.00; 2026-07-15–2026-12-31 12500.00,https://www.cnr.it/it/trasparenza/incarichi-consulenza,segnalazioni-card.tsv S-C8-0435 S-C8-0667,sezioni AT diverse (es. consulenza vs altre-tipologie); atti distinti; importo_somma n.d.: totale di cluster non in AT (somma atti non pubblicata)
row-e67b82cd05062cbbb04a75e6,R-184,1bf6eeb6e4d143ca40c2883e16c7e35fee4007584a1285aee409c28c2972f531,184,https://www.isprambiente.gov.it/it/amministrazione-trasparente/consulenti-e-collaboratori/consulenti-2/consulenti-1/iurlaro-donato-1,R-184,media,ISPRA,ispra_rm,IURLARO Donato,2,multi_incarico,2 oggetti,14800.04,5505.79,n.d.,n.d.,n.d.,n.d.,n.d.–n.d. 14800.04; n.d.–n.d. 5505.79,https://www.isprambiente.gov.it/it/amministrazione-trasparente/consulenti-e-collaboratori/consulenti-2/consulenti-1/iurlaro-donato-1,segnalazioni-card.tsv S-C8-1626 S-C8-1639,sezioni AT diverse (es. consulenza vs altre-tipologie); atti distinti; importo_somma n.d.: totale di cluster non in AT (somma atti non pubblicata)
row-6e31ba9ab182e2921349a942,R-185,7d2b37dcc1d5ec2cc9c5aa72c5ecf819cc90ca53aa1e12d9d3b8e18ee5fa43ab,185,https://www.cnr.it/it/trasparenza/incarichi-altre-tipologie,R-185,media,CNR,cnr,RUBINO EUGENIA,6,multi_incarico,6 oggetti; più frequente: incarichi extra-ruolo / altre tipologie,1380.00,6150.00,n.d.,n.d.,2024-10-01,2027-12-02,2024-10-01–2024-11-15 1380.00; 2024-11-18–2025-03-17 5400.00; 2025-01-01–2025-03-17 2700.00; 2025-03-18–2025-03-25 217.45; 2026-04-01–2026-05-31 4160.00; 2026-08-03–2027-12-02 6150.00,https://www.cnr.it/it/trasparenza/incarichi-altre-tipologie,segnalazioni-card.tsv S-C8-0790 S-C8-0863 S-C8-1018 S-C8-1190 S-C8-1341 S-C8-1488,più incarichi distinti senza oggetto nominativo in card; importo_somma n.d.: totale di cluster non in AT (somma atti non pubblicata)
row-52d06300883abb2631cf7c7a,R-186,9a2c6a5e9cfdbfec707cc788a8bff175a3827bd116015ce59e48f6bec114ce91,186,https://www.autorita-trasporti.it/trasparenza/consulenti-e-collaboratori-2/,R-186,media,Autorità di regolazione dei trasporti,art,Luisa Riccardi,2,rinnovo,2 oggetti; più frequente: Delibera n. 13/2025 del 24 gennaio 2025 01/04/2025 – 31/12/2025 Componente della Commissione esaminatrice per i concorsi,10000.00,10000.00,n.d.,n.d.,2023-11-22,2025-12-31,2023-11-22–2024-08-31 10000.00; 2025-04-01–2025-12-31 10000.00,https://www.autorita-trasporti.it/trasparenza/consulenti-e-collaboratori-2/,nominativi-incarichi.tsv,importo_somma n.d.: totale di cluster non in AT (somma atti non pubblicata)
row-b4b84d809c4868086b2da24f,R-187,d1f4f5eef5001ab32847425e6ef796d129dbc6c5570997dded36a70ab0d72eb8,187,https://www.cnr.it/it/trasparenza/incarichi-altre-tipologie,R-187,media,CNR,cnr,COSSIGNANI LINA,2,rinnovo,2 oggetti; più frequente: incarichi extra-ruolo / altre tipologie,10000.00,10000.00,n.d.,n.d.,2024-01-02,2025-08-31,2024-01-02–2024-12-31 10000.00; 2025-03-01–2025-08-31 10000.00,https://www.cnr.it/it/trasparenza/incarichi-altre-tipologie,segnalazioni-card.tsv S-C8-0544 S-C8-0545,"extra-ruolo CNR, atti successivi sullo stesso elenco altre-tipologie; importo_somma n.d.: totale di cluster non in AT (somma atti non pubblicata)"
row-2c471ae98447bc77ae657524,R-188,1cbfc42414f73064103d25513b3e96f3594497607d55379b43e8cdedf32a9825,188,https://www.cnr.it/it/trasparenza/incarichi-consulenza,R-188,media,CNR,cnr,Massidda Matteo,2,multi_incarico,2 oggetti; più frequente: incarichi di consulenza,5000.00,15000.00,n.d.,n.d.,2025-10-17,2027-02-07,2025-10-17–2026-11-17 5000.00; 2026-06-08–2027-02-07 15000.00,https://www.cnr.it/it/trasparenza/incarichi-consulenza,segnalazioni-card.tsv S-C8-0379 S-C8-0907,più incarichi distinti senza oggetto nominativo in card; importo_somma n.d.: totale di cluster non in AT (somma atti non pubblicata)
row-5f36159351736078cfb51a60,R-189,bd627c55ede69cabf36182439563c65c3298b4bb781709d9a4e4d6defe94b919,189,https://www.iss.it/documents/20126/9028926/2025_2_13_incarichi_dipendenti_DFP00013055.csv,R-189,media,ISS,iss_rm,SUFFREDINI ELISABETTA,2,rinnovo,2 oggetti; più frequente: incarichi dipendenti ISS,12675.00,6637.50,n.d.,n.d.,2024-01-09,2024-12-31,2024-01-09–2024-06-30 12675.00; 2024-07-01–2024-12-31 6637.50,https://www.iss.it/documents/20126/9028926/2025_2_13_incarichi_dipendenti_DFP00013055.csv,segnalazioni-card.tsv S-C8-1645 S-C8-1652,oggetto non in card; classificato rinnovo per importi omogenei sullo stesso elenco; importo_somma n.d.: totale di cluster non in AT (somma atti non pubblicata)
row-034cd27da9f8d09f1aec9c7c,R-190,e9edcb638871126c655c77be126fec9dd0580ca15d80bdab32b6acf09e250d20,190,https://www.cnr.it/it/trasparenza/incarichi-consulenza,R-190,media,CNR,cnr,PERONI CATERINA,2,rinnovo,2 oggetti; più frequente: incarichi di consulenza,12213.74,6106.87,n.d.,n.d.,2025-03-07,2025-11-25,2025-03-07–2025-08-04 12213.74; 2025-10-09–2025-11-25 6106.87,https://www.cnr.it/it/trasparenza/incarichi-consulenza,segnalazioni-card.tsv S-C8-0451 S-C8-0793,oggetto non in card; classificato rinnovo per importi omogenei sullo stesso elenco; importo_somma n.d.: totale di cluster non in AT (somma atti non pubblicata)
row-8b7be192951c3de69c871f05,R-191,0e51ffb6ea6dac6525fffcccafd0584ada0a441fde92b2a8514245008accd973,191,https://www.autorita-trasporti.it/trasparenza/consulenti-e-collaboratori-2/,R-191,media,Autorità di regolazione dei trasporti,art,Luca Vincenzo Maria Salamone,2,rinnovo,2 oggetti; più frequente: Delibera n. 16/2025 del 24 gennaio 2025 01/04/2025 – 31/12/2025 Componente della Commissione esaminatrice per i concorsi,8000.00,10000.00,n.d.,n.d.,2023-11-22,2025-12-31,2023-11-22–2024-08-31 8000.00; 2025-04-01–2025-12-31 10000.00,https://www.autorita-trasporti.it/trasparenza/consulenti-e-collaboratori-2/,nominativi-incarichi.tsv,importo_somma n.d.: totale di cluster non in AT (somma atti non pubblicata)
row-048458811ead04389126f82a,R-192,e7e2897307a87201c3479d26e4052a63e1db80c4f625f9c910dd0838345681be,192,https://www.cnr.it/it/trasparenza/incarichi-altre-tipologie,R-192,media,CNR,cnr,DITARANTO DANIELE,2,rinnovo,2 oggetti; più frequente: incarichi extra-ruolo / altre tipologie,9000.00,9000.00,n.d.,n.d.,2021-06-14,2027-09-12,2021-06-14–2024-06-13 9000.00; 2024-09-13–2027-09-12 9000.00,https://www.cnr.it/it/trasparenza/incarichi-altre-tipologie,segnalazioni-card.tsv S-C8-0613 S-C8-0614,"extra-ruolo CNR, atti successivi sullo stesso elenco altre-tipologie; importo_somma n.d.: totale di cluster non in AT (somma atti non pubblicata)"
row-63dd22200f3b1cc54da9f1c1,R-193,d680179ca44272dc3e2531d08b48320100ea55e914b5af9acece9750cab568d1,193,https://www.cnr.it/it/trasparenza/incarichi-altre-tipologie,R-193,media,CNR,cnr,TOBIA LORETA,2,rinnovo,2 oggetti; più frequente: incarichi extra-ruolo / altre tipologie,9000.00,9000.00,n.d.,n.d.,2021-06-14,2027-09-13,2021-06-14–2024-06-13 9000.00; 2024-09-13–2027-09-13 9000.00,https://www.cnr.it/it/trasparenza/incarichi-altre-tipologie,segnalazioni-card.tsv S-C8-0626 S-C8-0627,"extra-ruolo CNR, atti successivi sullo stesso elenco altre-tipologie; importo_somma n.d.: totale di cluster non in AT (somma atti non pubblicata)"
row-4df02154a656b823f5740b55,R-194,40b13f0b053f7a5cde5698d85081793ed2c86abbd8fb2e911a87a152871fc946,194,https://www.studigermanici.it/istituto/organizzazione/amministrazione-trasparente/titolari-di-incarichi/,R-194,media,Istituto Italiano di Studi Germanici,iisg,FIORINDA LI VIGNI,2,rinnovo,2 oggetti,9000.00,9000.00,n.d.,n.d.,2025-05-15,2026-05-14,2025-05-15–2025-11-14 9000.00; 2025-11-15–2026-05-14 9000.00,https://www.studigermanici.it/istituto/organizzazione/amministrazione-trasparente/titolari-di-incarichi/,segnalazioni-card.tsv S-C8-3127 S-C8-3131,oggetto non in card; classificato rinnovo per importi omogenei sullo stesso elenco; importo_somma n.d.: totale di cluster non in AT (somma atti non pubblicata)
row-8381a2d2882f006d89a393e9,R-195,5f40f58a2f29d24e6547c93a982f0c15c46b32f2f9c073493686279aa2b4198d,195,https://www.studigermanici.it/istituto/organizzazione/amministrazione-trasparente/titolari-di-incarichi/,R-195,media,Istituto Italiano di Studi Germanici,iisg,MARIKA ANGELUCCI,2,rinnovo,2 oggetti,9000.00,9000.00,n.d.,n.d.,2025-04-01,2025-10-01,2025-04-01–2025-09-30 9000.00; 2025-10-01–2025-10-01 9000.00,https://www.studigermanici.it/istituto/organizzazione/amministrazione-trasparente/titolari-di-incarichi/,segnalazioni-card.tsv S-C8-3126 S-C8-3138,oggetto non in card; classificato rinnovo per importi omogenei sullo stesso elenco; importo_somma n.d.: totale di cluster non in AT (somma atti non pubblicata)
row-faafe73143766680676c0910,R-196,8e64112b081d0943705136d52950db7e03aad0be753848bf82420a1e861e172a,196,https://www.studigermanici.it/istituto/organizzazione/amministrazione-trasparente/titolari-di-incarichi/,R-196,media,Istituto Italiano di Studi Germanici,iisg,VALLEFUOCO ILARIA,2,rinnovo,2 oggetti,9000.00,9000.00,n.d.,n.d.,2023-10-11,2024-10-11,2023-10-11–2024-04-10 9000.00; 2024-04-11–2024-10-11 9000.00,https://www.studigermanici.it/istituto/organizzazione/amministrazione-trasparente/titolari-di-incarichi/,segnalazioni-card.tsv S-C8-3098 S-C8-3099,oggetto non in card; classificato rinnovo per importi omogenei sullo stesso elenco; importo_somma n.d.: totale di cluster non in AT (somma atti non pubblicata)
row-12546cd7dd6495997e48bfdb,R-197,16359cfe55df0330fa562580b995dd536f27aa82eaaf10fc32033b638c87d48d,197,https://www.cnr.it/it/trasparenza/incarichi-altre-tipologie,R-197,media,CNR,cnr,Liguori Francesco,2,rinnovo,2 oggetti; più frequente: incarichi extra-ruolo / altre tipologie,1843.32,16107.32,n.d.,n.d.,2023-12-19,2025-04-27,2023-12-19–2024-01-18 1843.32; 2024-10-28–2025-04-27 16107.32,https://www.cnr.it/it/trasparenza/incarichi-altre-tipologie,segnalazioni-card.tsv S-C8-0338 S-C8-1302,"extra-ruolo CNR, atti successivi sullo stesso elenco altre-tipologie; importo_somma n.d.: totale di cluster non in AT (somma atti non pubblicata)"
row-9563674245c0015fef154145,R-198,d14c8eddad01857de4d628397be572f9844982a3eb9d3ec72872d045ed05152b,198,https://www.cnr.it/it/trasparenza/incarichi-consulenza,R-198,media,CNR,cnr,NICOLOSI ROBERTA,3,rinnovo,3 oggetti; più frequente: incarichi di consulenza,5384.62,6730.77,n.d.,n.d.,2024-01-18,2026-02-21,2024-01-18–2024-03-17 5384.62; 2024-11-25–2025-01-24 5384.62; 2025-12-22–2026-02-21 6730.77,https://www.cnr.it/it/trasparenza/incarichi-consulenza,segnalazioni-card.tsv S-C8-0754 S-C8-0866 S-C8-0867,oggetto non in card; classificato rinnovo per importi omogenei sullo stesso elenco; importo_somma n.d.: totale di cluster non in AT (somma atti non pubblicata)
row-084d4193c3d3fb008671987b,R-199,d80bc43c0601f6a2e8e5be08ab2e9b18b7ae4ecd84373aff9d662fe25dd3d156,199,https://www.amministrazionetrasparente.enea.it/consulenti-e-collaboratori.html,R-199,media,ENEA,eanln_rm,Luigi Gallori,2,rinnovo,2 oggetti,10000.00,7500.00,n.d.,n.d.,2025-01-01,2026-12-31,2025-01-01–2025-12-31 10000.00; 2026-01-01–2026-12-31 7500.00,https://www.amministrazionetrasparente.enea.it/consulenti-e-collaboratori.html,segnalazioni-card.tsv S-C8-1541 S-C8-1546,oggetto non in card; classificato rinnovo per importi omogenei sullo stesso elenco; importo_somma n.d.: totale di cluster non in AT (somma atti non pubblicata)
row-3988f9ce30a7e5ae78b720a9,R-200,a4e979ec2bec4296856e1a62ec1e9ee6f58d80bacf0f16217ee351a33287be9a,200,https://www.cnr.it/it/trasparenza/incarichi-altre-tipologie,R-200,media,CNR,cnr,Zugic Jasmina Nina,2,rinnovo,2 oggetti; più frequente: incarichi extra-ruolo / altre tipologie,6000.00,11450.38,n.d.,n.d.,2021-08-01,2024-09-30,2021-08-01–2024-09-30 6000.00; 2023-12-22–2024-08-18 11450.38,https://www.cnr.it/it/trasparenza/incarichi-altre-tipologie,segnalazioni-card.tsv S-C8-0490 S-C8-0831,"extra-ruolo CNR, atti successivi sullo stesso elenco altre-tipologie; importo_somma n.d.: totale di cluster non in AT (somma atti non pubblicata)"
row-797eded2a6ce3d30a4371f4d,R-201,1b6c0ad146b75045b7e5c2a092d288cc8076a9166bce6b24d401164217f86bd0,201,https://www.cnr.it/it/trasparenza/incarichi-consulenza,R-201,media,CNR,cnr,Pecis Ivano,3,rinnovo,3 oggetti; più frequente: incarichi di consulenza,5000.00,5800.00,n.d.,n.d.,2024-10-07,2027-02-14,2024-10-07–2025-01-07 5000.00; 2025-02-21–n.d. 6500.00; 2026-04-15–2027-02-14 5800.00,https://www.cnr.it/it/trasparenza/incarichi-consulenza,segnalazioni-card.tsv S-C8-0771 S-C8-0840 S-C8-0914,oggetto non in card; classificato rinnovo per importi omogenei sullo stesso elenco; importo_somma n.d.: totale di cluster non in AT (somma atti non pubblicata)
row-bb01d018b871082c918ad786,R-202,d411187f6250021ee06e8901359334c8a0d393c528302d092ac5a66a09742542,202,https://www.cnr.it/it/trasparenza/incarichi-consulenza,R-202,media,CNR,cnr,RICCARDO ANTONIETTA,2,rinnovo,2 oggetti; più frequente: incarichi di consulenza,7633.57,8778.62,n.d.,n.d.,2025-11-13,2026-10-03,2025-11-13–2026-03-13 7633.57; 2026-05-06–2026-10-03 8778.62,https://www.cnr.it/it/trasparenza/incarichi-consulenza,segnalazioni-card.tsv S-C8-0634 S-C8-0695,oggetto non in card; classificato rinnovo per importi omogenei sullo stesso elenco; importo_somma n.d.: totale di cluster non in AT (somma atti non pubblicata)
row-9dd7ca5b083303d03e007e7b,R-203,ec2db9535ec5d531c6a1b18a5afca5803455199c6748c742d4231ef364e6082e,203,https://www.cnr.it/it/trasparenza/incarichi-altre-tipologie,R-203,media,CNR,cnr,COLETTA VIRGINIA ROSA,2,rinnovo,2 oggetti; più frequente: incarichi extra-ruolo / altre tipologie,15300.00,188.64,n.d.,n.d.,2025-04-18,n.d.,2025-04-18–n.d. 15300.00; 2025-04-18–n.d. 188.64,https://www.cnr.it/it/trasparenza/incarichi-altre-tipologie,segnalazioni-card.tsv S-C8-0354 S-C8-1495,"extra-ruolo CNR, atti successivi sullo stesso elenco altre-tipologie; importo_somma n.d.: totale di cluster non in AT (somma atti non pubblicata)"
row-15eb76684e0037476668ac1d,R-204,7558fab4722b3ede174b5b96e2a1683be25085075a035be90a1424ea34f79f10,204,https://amministrazione-trasparente.ingv.it/web/trasparenza/pas/-/pas/igrid/11068,R-204,media,INGV,ingv,NERI Augusto,2,rinnovo,2 oggetti,8465.70,6615.07,n.d.,n.d.,n.d.,n.d.,n.d.–n.d. 8465.70; n.d.–n.d. 6615.07,https://amministrazione-trasparente.ingv.it/web/trasparenza/pas/-/pas/igrid/11068,segnalazioni-card.tsv S-C8-1939 S-C8-1947,oggetto non in card; classificato rinnovo per importi omogenei sullo stesso elenco; importo_somma n.d.: totale di cluster non in AT (somma atti non pubblicata)
row-9ab265aab002b762894f1825,R-205,8a273dd324ca2491a57540b40afb4a2ab0bfd48486d46a3b44e2e1a433e0056c,205,https://www.cnr.it/it/trasparenza/incarichi-altre-tipologie,R-205,media,CNR,cnr,FERNANDEZ CHIARA,3,rinnovo,3 oggetti; più frequente: incarichi extra-ruolo / altre tipologie,5000.00,5000.00,n.d.,n.d.,2024-03-05,2026-07-04,2024-03-05–2024-06-04 5000.00; 2025-06-26–n.d. 5000.00; 2026-05-05–2026-07-04 5000.00,https://www.cnr.it/it/trasparenza/incarichi-altre-tipologie,segnalazioni-card.tsv S-C8-0900 S-C8-0901 S-C8-0902,oggetto non in card; classificato rinnovo per importi omogenei sullo stesso elenco; importo_somma n.d.: totale di cluster non in AT (somma atti non pubblicata)
row-893a26773dc4ed09a60c54f8,R-206,2e7025e22b681b358279520dbb95f494497f396cbf7470c3b66ac80959e08b25,206,https://amministrazione-trasparente.ingv.it/web/trasparenza/pas/-/pas/igrid/10986,R-206,media,INGV,ingv,MARFE' BARBARA,2,rinnovo,2 oggetti,9000.00,6000.00,n.d.,n.d.,n.d.,n.d.,n.d.–n.d. 9000.00; n.d.–n.d. 6000.00,https://amministrazione-trasparente.ingv.it/web/trasparenza/pas/-/pas/igrid/10986,segnalazioni-card.tsv S-C8-1934 S-C8-1961 S-C8-1935,oggetto non in card; classificato rinnovo per importi omogenei sullo stesso elenco; importo_somma n.d.: totale di cluster non in AT (somma atti non pubblicata)
row-4442587ae911583162805dbd,R-207,ebf36d8ee96cde6745a78abd48f5612d32459cc1516b81e346693623c1ba63e0,207,https://www.istitutoitalianonumismatica.it/trasparenza/,R-207,media,Istituto Italiano di Numismatica,SQ4C1NAN,Barbara Bacchelli,2,rinnovo,2 oggetti,10000.00,5000.00,n.d.,n.d.,2024-01-24,n.d.,2024-01-24–n.d. 10000.00; 2025-01-15–n.d. 5000.00,https://www.istitutoitalianonumismatica.it/trasparenza/,segnalazioni-card.tsv S-C8-2862 S-C8-2868,oggetto non in card; classificato rinnovo per importi omogenei sullo stesso elenco; importo_somma n.d.: totale di cluster non in AT (somma atti non pubblicata)
row-e9fbf608ca31d47c1aac60bc,R-208,04b018778d85a86df9f8640132a58955e8ff670fdff1b4fba7688a696cd016af,208,https://www.cnr.it/it/trasparenza/incarichi-consulenza,R-208,media,CNR,cnr,ABATE CARMINE,2,rinnovo,2 oggetti; più frequente: incarichi di consulenza,6870.23,7633.58,n.d.,n.d.,2025-03-11,2026-03-01,2025-03-11–2025-08-08 6870.23; 2025-10-02–2026-03-01 7633.58,https://www.cnr.it/it/trasparenza/incarichi-consulenza,segnalazioni-card.tsv S-C8-0691 S-C8-0747,oggetto non in card; classificato rinnovo per importi omogenei sullo stesso elenco; importo_somma n.d.: totale di cluster non in AT (somma atti non pubblicata)
row-4e71a62d3ef9d7021ae62d53,R-209,9589044e6ad1bb223f8b2c8cf25a67ce2a998bbb053504b356e881c96b8a5332,209,https://www.cnr.it/it/trasparenza/incarichi-altre-tipologie,R-209,media,CNR,cnr,GUZZARDI FEDERICA,2,rinnovo,2 oggetti; più frequente: incarichi extra-ruolo / altre tipologie,9615.38,4807.69,n.d.,n.d.,2025-07-15,2026-10-31,2025-07-15–2026-05-14 9615.38; 2026-07-01–2026-10-31 4807.69,https://www.cnr.it/it/trasparenza/incarichi-altre-tipologie,segnalazioni-card.tsv S-C8-0585 S-C8-0940,"extra-ruolo CNR, atti successivi sullo stesso elenco altre-tipologie; importo_somma n.d.: totale di cluster non in AT (somma atti non pubblicata)"
row-06ad32839c8433e595b9d4f0,R-210,512078a26c4122a5e8d757d9d8254de1b9fd3de28a41085eb915a6b4cef24af0,210,https://www.cnr.it/it/trasparenza/incarichi-altre-tipologie,R-210,media,CNR,cnr,STAMBOULIS GIORGIO POLYDORO,2,rinnovo,2 oggetti; più frequente: incarichi extra-ruolo / altre tipologie,5000.00,9000.00,n.d.,n.d.,2023-07-31,2025-02-25,2023-07-31–2024-02-29 5000.00; 2024-11-25–2025-02-25 9000.00,https://www.cnr.it/it/trasparenza/incarichi-altre-tipologie,segnalazioni-card.tsv S-C8-0624 S-C8-0925,"extra-ruolo CNR, atti successivi sullo stesso elenco altre-tipologie; importo_somma n.d.: totale di cluster non in AT (somma atti non pubblicata)"
row-d79967f440c38ee635bd6a57,R-211,b2db7349567363b01982c9b0c93ccc3dd65c9fddf8f6e6e5c6cdb10dc31ea208,211,https://www.cnr.it/it/trasparenza/incarichi-consulenza,R-211,media,CNR,cnr,THAIRI CECILIA,2,rinnovo,2 oggetti; più frequente: incarichi di consulenza,7500.00,6500.00,n.d.,n.d.,2025-07-01,2026-05-31,2025-07-01–2025-12-31 7500.00; 2026-03-03–2026-05-31 6500.00,https://www.cnr.it/it/trasparenza/incarichi-consulenza,segnalazioni-card.tsv S-C8-0704 S-C8-0775,oggetto non in card; classificato rinnovo per importi omogenei sullo stesso elenco; importo_somma n.d.: totale di cluster non in AT (somma atti non pubblicata)
row-4b2ee192879373a93826cf95,R-212,f4feea6700bcc646474f8fbb1e315477f9e04748107cea663f2e9889452281d4,212,https://www.cnr.it/it/trasparenza/incarichi-altre-tipologie,R-212,media,CNR,cnr,MAGNI GIADA,2,rinnovo,2 oggetti; più frequente: incarichi extra-ruolo / altre tipologie,8000.00,5950.00,n.d.,n.d.,2025-04-18,n.d.,2025-04-18–n.d. 8000.00; 2026-05-28–n.d. 5950.00,https://www.cnr.it/it/trasparenza/incarichi-altre-tipologie,segnalazioni-card.tsv S-C8-0668 S-C8-0832,"extra-ruolo CNR, atti successivi sullo stesso elenco altre-tipologie; importo_somma n.d.: totale di cluster non in AT (somma atti non pubblicata)"
row-479ee4c9216f2176da87e897,R-213,e4a398968bc74bc2f430d0175a9fd186e9e4afb8f040ad0957a67dcf9251156d,213,https://www.cnr.it/it/trasparenza/incarichi-altre-tipologie,R-213,media,CNR,cnr,Bautista Hernandez Olivia Del Carmen,2,rinnovo,2 oggetti; più frequente: incarichi extra-ruolo / altre tipologie,6900.00,6900.00,n.d.,n.d.,2025-05-07,2026-11-26,2025-05-07–2025-08-06 6900.00; 2026-08-27–2026-11-26 6900.00,https://www.cnr.it/it/trasparenza/incarichi-altre-tipologie,segnalazioni-card.tsv S-C8-0744 S-C8-0745,"extra-ruolo CNR, atti successivi sullo stesso elenco altre-tipologie; importo_somma n.d.: totale di cluster non in AT (somma atti non pubblicata)"
row-7f0050ec52e3a6cdb2ad61c8,R-214,2f2b61a972c6f08c3f9db0f9f24fbaef0dbdd609292aff016ddb1825755f4d09,214,https://www.cnr.it/it/trasparenza/incarichi-altre-tipologie,R-214,media,CNR,cnr,MARIOTTINI SARA,2,rinnovo,2 oggetti; più frequente: incarichi extra-ruolo / altre tipologie,4580.15,9160.30,n.d.,n.d.,2024-01-08,2025-06-28,2024-01-08–2024-05-07 4580.15; 2024-09-01–2025-06-28 9160.30,https://www.cnr.it/it/trasparenza/incarichi-altre-tipologie,segnalazioni-card.tsv S-C8-0603 S-C8-0992,"extra-ruolo CNR, atti successivi sullo stesso elenco altre-tipologie; importo_somma n.d.: totale di cluster non in AT (somma atti non pubblicata)"
row-804f73961eba73c6d235eb9d,R-215,7317ea62871e5559a056490258cbac0b5472c498ef8e869bbb212e3521028368,215,https://www.cnr.it/it/trasparenza/incarichi-consulenza,R-215,media,CNR,cnr,FALCHI MAURA VALERIA,2,rinnovo,2 oggetti; più frequente: incarichi di consulenza,5702.00,7602.00,n.d.,n.d.,2026-04-01,2026-09-30,2026-04-01–2026-05-31 5702.00; 2026-06-05–2026-09-30 7602.00,https://www.cnr.it/it/trasparenza/incarichi-consulenza,segnalazioni-card.tsv S-C8-0697 S-C8-0846,oggetto non in card; classificato rinnovo per importi omogenei sullo stesso elenco; importo_somma n.d.: totale di cluster non in AT (somma atti non pubblicata)
row-92d6b786e33e503b99c64bb1,R-216,95a63847142b51f728c218274a13215a288ad00e57abef778dd91e7d041a2d4f,216,https://www.cnr.it/it/trasparenza/incarichi-altre-tipologie,R-216,media,CNR,cnr,SAVINO Ilaria,2,rinnovo,2 oggetti; più frequente: incarichi extra-ruolo / altre tipologie,9455.00,3817.36,n.d.,n.d.,2025-06-06,2026-06-01,2025-06-06–n.d. 9455.00; 2026-03-02–2026-06-01 3817.36,https://www.cnr.it/it/trasparenza/incarichi-altre-tipologie,segnalazioni-card.tsv S-C8-0596 S-C8-1056,"extra-ruolo CNR, atti successivi sullo stesso elenco altre-tipologie; importo_somma n.d.: totale di cluster non in AT (somma atti non pubblicata)"
row-86b756822729830747c2c4a9,R-217,7b1d0780e56a15163af82e5940381a141b7a4543cf9d8663050194a33dcc8f91,217,https://www.cnr.it/it/trasparenza/incarichi-altre-tipologie,R-217,media,CNR,cnr,COSENTINI GIOVANNI,2,rinnovo,2 oggetti; più frequente: incarichi extra-ruolo / altre tipologie,6500.00,6500.00,n.d.,n.d.,2023-10-02,2024-11-29,2023-10-02–2024-04-01 6500.00; 2024-05-30–2024-11-29 6500.00,https://www.cnr.it/it/trasparenza/incarichi-altre-tipologie,segnalazioni-card.tsv S-C8-0765 S-C8-0766,"extra-ruolo CNR, atti successivi sullo stesso elenco altre-tipologie; importo_somma n.d.: totale di cluster non in AT (somma atti non pubblicata)"
row-1d477a09ac2f1b2d0ef44b66,R-218,5b1a37a1ada0d4eb81a607f2552a5d5ce783dd2569e89012743c5084ba5f46c3,218,https://www.cnr.it/it/trasparenza/incarichi-altre-tipologie,R-218,media,CNR,cnr,ABDALLAH MOSTAFA HUSSIEN FYTORY,2,rinnovo,2 oggetti; più frequente: incarichi extra-ruolo / altre tipologie,8500.00,3850.00,n.d.,n.d.,2025-09-20,2025-12-19,2025-09-20–2025-12-19 8500.00; 2025-12-23–n.d. 3850.00,https://www.cnr.it/it/trasparenza/incarichi-altre-tipologie,segnalazioni-card.tsv S-C8-0638 S-C8-1052,"extra-ruolo CNR, atti successivi sullo stesso elenco altre-tipologie; importo_somma n.d.: totale di cluster non in AT (somma atti non pubblicata)"
row-691deea4c7f8f539dc932276,R-219,633b0d3e2f07816b6bc4fdb2ad27f53cbfbaa983ecd204bab92a6febca2de519,219,https://www.cnr.it/it/trasparenza/incarichi-altre-tipologie,R-219,media,CNR,cnr,GARGANO PAOLA,2,rinnovo,2 oggetti; più frequente: incarichi extra-ruolo / altre tipologie,3816.80,8492.88,n.d.,n.d.,2024-07-01,2025-12-14,2024-07-01–2024-09-30 3816.80; 2025-09-15–2025-12-14 8492.88,https://www.cnr.it/it/trasparenza/incarichi-altre-tipologie,segnalazioni-card.tsv S-C8-0646 S-C8-1057,"extra-ruolo CNR, atti successivi sullo stesso elenco altre-tipologie; importo_somma n.d.: totale di cluster non in AT (somma atti non pubblicata)"
row-1d1f85da6c9fbd6bb2bfa7ee,R-220,557583f34af689d6751595b5178e582efee1e3dc65a9f059882714f20d86845a,220,https://www.cnr.it/it/trasparenza/incarichi-altre-tipologie,R-220,media,CNR,cnr,SAMMARCO FRANCESCO STEFANO,2,rinnovo,2 oggetti; più frequente: incarichi extra-ruolo / altre tipologie,9150.00,2884.00,n.d.,n.d.,2024-02-20,2025-04-09,2024-02-20–2024-08-19 9150.00; 2025-01-10–2025-04-09 2884.00,https://www.cnr.it/it/trasparenza/incarichi-altre-tipologie,segnalazioni-card.tsv S-C8-0604 S-C8-1165,"extra-ruolo CNR, atti successivi sullo stesso elenco altre-tipologie; importo_somma n.d.: totale di cluster non in AT (somma atti non pubblicata)"
row-6d14ee15fc72879c7f8657d7,R-221,19975af7cdd17e6320e8e9af3791efbfe17253827d6b140d69a8033a7b15a390,221,https://amministrazione-trasparente.ingv.it/web/trasparenza/pas/-/pas/igrid/11068,R-221,media,INGV,ingv,BEVILAQUA Andrea,2,rinnovo,2 oggetti,6023.00,6000.00,n.d.,n.d.,n.d.,n.d.,n.d.–n.d. 6023.00; n.d.–n.d. 6000.00,https://amministrazione-trasparente.ingv.it/web/trasparenza/pas/-/pas/igrid/11068,segnalazioni-card.tsv S-C8-1953 S-C8-1956,oggetto non in card; classificato rinnovo per importi omogenei sullo stesso elenco; importo_somma n.d.: totale di cluster non in AT (somma atti non pubblicata)
row-39b150e8342d7fc4d433567f,R-222,748d11ddc7716663509965ac533e7a314e8d1c73c98b86b27712c71bed3437f3,222,https://www.cnr.it/it/trasparenza/incarichi-altre-tipologie,R-222,media,CNR,cnr,GAGLIARDI RICCARDO,2,rinnovo,2 oggetti; più frequente: incarichi extra-ruolo / altre tipologie,6000.00,6000.00,n.d.,n.d.,2021-02-18,2027-04-11,2021-02-18–2024-02-17 6000.00; 2024-04-12–2027-04-11 6000.00,https://www.cnr.it/it/trasparenza/incarichi-altre-tipologie,segnalazioni-card.tsv S-C8-0806 S-C8-0807,"extra-ruolo CNR, atti successivi sullo stesso elenco altre-tipologie; importo_somma n.d.: totale di cluster non in AT (somma atti non pubblicata)"
row-0be1282d9e6b85ab7bb9bee2,R-223,b4e3449db5ea37b024dd6a53a65ed214b42e49275bd25cc0bd75f156698460d6,223,https://www.cnr.it/it/trasparenza/incarichi-altre-tipologie,R-223,media,CNR,cnr,TASCIONI MARCELLO,2,rinnovo,2 oggetti; più frequente: incarichi extra-ruolo / altre tipologie,5000.00,7000.00,n.d.,n.d.,2024-02-12,2026-03-09,2024-02-12–2024-10-11 5000.00; 2026-01-23–2026-03-09 7000.00,https://www.cnr.it/it/trasparenza/incarichi-altre-tipologie,segnalazioni-card.tsv S-C8-0734 S-C8-0927,"extra-ruolo CNR, atti successivi sullo stesso elenco altre-tipologie; importo_somma n.d.: totale di cluster non in AT (somma atti non pubblicata)"
row-53f905b02b9519f53804cbfa,R-224,e742c2ae3aeef8120d8cf24acee98291eafac69c13186d284195430467afc3cf,224,https://www.cnr.it/it/trasparenza/incarichi-altre-tipologie,R-224,media,CNR,cnr,Lorito Antonio,2,rinnovo,2 oggetti; più frequente: incarichi extra-ruolo / altre tipologie,5422.00,6305.17,n.d.,n.d.,2024-11-15,2025-03-15,2024-11-15–2025-03-15 5422.00; 2025-09-10–n.d. 6305.17,https://www.cnr.it/it/trasparenza/incarichi-altre-tipologie,segnalazioni-card.tsv S-C8-0779 S-C8-0858,"extra-ruolo CNR, atti successivi sullo stesso elenco altre-tipologie; importo_somma n.d.: totale di cluster non in AT (somma atti non pubblicata)"
row-9d4270d69e98074e07783108,R-225,b8cc1cbd54287903ce2a419241aff9b9716a7dc8d66a0868a8ee23dca4877bea,225,https://www.cnr.it/it/trasparenza/incarichi-altre-tipologie,R-225,media,CNR,cnr,GERMOGLIO MARCELLO,2,rinnovo,2 oggetti; più frequente: incarichi extra-ruolo / altre tipologie,8000.00,3087.56,n.d.,n.d.,2025-07-01,2026-06-25,2025-07-01–2025-07-31 8000.00; 2026-03-26–2026-06-25 3087.56,https://www.cnr.it/it/trasparenza/incarichi-altre-tipologie,segnalazioni-card.tsv S-C8-0665 S-C8-1136,"extra-ruolo CNR, atti successivi sullo stesso elenco altre-tipologie; importo_somma n.d.: totale di cluster non in AT (somma atti non pubblicata)"
row-e2e3a5eeb400af5cbcbd661e,R-226,90a2b57ec24e9bf4010a9d2d3301f2e535403a06c7c6024ce45594d5dff2961e,226,https://www.cnr.it/it/trasparenza/incarichi-altre-tipologie,R-226,media,CNR,cnr,ROMANO' SABRINA,2,rinnovo,2 oggetti; più frequente: incarichi extra-ruolo / altre tipologie,6200.00,4500.00,n.d.,n.d.,2024-03-13,2025-09-22,2024-03-13–2024-07-12 6200.00; 2025-07-22–2025-09-22 4500.00,https://www.cnr.it/it/trasparenza/incarichi-altre-tipologie,segnalazioni-card.tsv S-C8-0787 S-C8-1002,"extra-ruolo CNR, atti successivi sullo stesso elenco altre-tipologie; importo_somma n.d.: totale di cluster non in AT (somma atti non pubblicata)"
row-d6ba1d947d9e0adc1d794dc6,R-227,d2838ea4fe4b1358f4fa71f2d6fa30057cdd165962edae77882b63dab8bab3ad,227,https://www.cnr.it/it/trasparenza/incarichi-consulenza,R-227,media,CNR,cnr,MOTTERLE TATIANA,2,rinnovo,2 oggetti; più frequente: incarichi di consulenza,5161.88,5343.51,n.d.,n.d.,2025-05-20,2025-09-05,2025-05-20–2025-07-19 5161.88; 2025-07-22–2025-09-05 5343.51,https://www.cnr.it/it/trasparenza/incarichi-consulenza,segnalazioni-card.tsv S-C8-0873 S-C8-0882,oggetto non in card; classificato rinnovo per importi omogenei sullo stesso elenco; importo_somma n.d.: totale di cluster non in AT (somma atti non pubblicata)
row-c81a9bf17f7e19f7bf23deb0,R-228,f2a889737a4a759371bb1a6f32f2bf63354bd9e945c0f75120e883bc3751e68b,228,https://www.agenas.gov.it/consulenti-collaboratori/titolari-di-incarichi-di-collaborazione-o-consulenza,R-228,media,AGENAS,AGENAS,Corbascio Caterina Guelfa,2,proroga,2 oggetti; più frequente: incarichi di consulenza,10000.00,10000.00,n.d.,n.d.,2024-08-01,2025-05-25,2024-08-01–2025-05-25 10000.00,https://www.agenas.gov.it/consulenti-collaboratori/titolari-di-incarichi-di-collaborazione-o-consulenza,segnalazioni-card.tsv S-C3-38,"riga unica in fonte che documenta conferimento + proroga (n_atti da atti nominati, importo non duplicato); proroga esplicita in fonte: «delibera n. 255 del 16/05/2024; proroga n. 633 del 30/12/2024 delibera n. 255 del 16/05/2024; proroga n. 633»; importo_somma n.d.: totale di cluster non in AT (somma atti non pubblicata)"
row-5d749d68789577d0ca9b79c8,R-229,c58e3d333acdb2123bf22e0e9522cad3f8d337df54fd927e5846057337e6cb51,229,https://www.isinucleare.it/it/amministrazione-trasparente/personale/oiv,R-229,media,ISIN,inlsnr,Francesco Lazzarini,2,proroga,2 oggetti,10000.00,10000.00,n.d.,n.d.,2025-07-23,2027-12-31,2025-07-23–2027-12-31 10000.00,https://www.isinucleare.it/it/amministrazione-trasparente/personale/oiv,segnalazioni-card.tsv S-C3-75,"riga unica in fonte che documenta conferimento + proroga (n_atti da atti nominati, importo non duplicato); proroga esplicita in fonte: «proroga Determina n. 96 del 07/07/2025 proroga Determina n. 96 del 07/07/2025»; importo_somma n.d.: totale di cluster non in AT (somma atti non pubblicata)"
row-32ab1930c6725317f4267d80,R-230,0c389c75a8bd3a04b7a7e8d3c894989bfcb5c58c8561c9bfbb1d54ed64a43439,230,https://www.cnr.it/it/trasparenza/incarichi-altre-tipologie,R-230,media,CNR,cnr,Tomè Gabriele,2,rinnovo,2 oggetti; più frequente: incarichi extra-ruolo / altre tipologie,6000.00,3739.00,n.d.,n.d.,2023-12-15,2025-05-31,2023-12-15–2024-03-14 6000.00; 2025-04-01–2025-05-31 3739.00,https://www.cnr.it/it/trasparenza/incarichi-altre-tipologie,segnalazioni-card.tsv S-C8-0828 S-C8-1075,"extra-ruolo CNR, atti successivi sullo stesso elenco altre-tipologie; importo_somma n.d.: totale di cluster non in AT (somma atti non pubblicata)"
row-9d1057d445afaa25824697da,R-231,5a3ee3762a39cc385826e182e42e91d3413632e43223c11173f812a57ec10284,231,https://www.cnr.it/it/trasparenza/incarichi-altre-tipologie,R-231,media,CNR,cnr,Cataudella Elisa,2,rinnovo,2 oggetti; più frequente: incarichi extra-ruolo / altre tipologie,4700.00,4900.00,n.d.,n.d.,2025-04-02,2026-06-30,2025-04-02–2025-04-30 4700.00; 2026-06-01–2026-06-30 4900.00,https://www.cnr.it/it/trasparenza/incarichi-altre-tipologie,segnalazioni-card.tsv S-C8-0933 S-C8-0954,"extra-ruolo CNR, atti successivi sullo stesso elenco altre-tipologie; importo_somma n.d.: totale di cluster non in AT (somma atti non pubblicata)"
row-d77df5bb76906a550194971e,R-232,c68ce458d79165cee5e8198f511b17bb4fde34fb7d64cfdbf2160e03228f260a,232,https://www.cnr.it/it/trasparenza/incarichi-altre-tipologie,R-232,media,CNR,cnr,MAZZA IRENE,2,rinnovo,2 oggetti; più frequente: incarichi extra-ruolo / altre tipologie,3600.00,5300.00,n.d.,n.d.,2025-03-27,2025-09-09,2025-03-27–2025-05-26 3600.00; 2025-06-10–2025-09-09 5300.00,https://www.cnr.it/it/trasparenza/incarichi-altre-tipologie,segnalazioni-card.tsv S-C8-0876 S-C8-1094,"extra-ruolo CNR, atti successivi sullo stesso elenco altre-tipologie; importo_somma n.d.: totale di cluster non in AT (somma atti non pubblicata)"
row-afabea18dd03e10e6b9b73fb,R-233,a98e4f9bc701dcc75e49f32b912ddb3c6a82f50c5b0c04267e499f75fd852479,233,https://www.cnr.it/it/trasparenza/incarichi-altre-tipologie,R-233,media,CNR,cnr,MORACCI MARTA,2,rinnovo,2 oggetti; più frequente: incarichi extra-ruolo / altre tipologie,5050.00,3815.00,n.d.,n.d.,2024-12-19,2026-03-08,2024-12-19–2025-04-18 5050.00; 2025-09-08–2026-03-08 3815.00,https://www.cnr.it/it/trasparenza/incarichi-altre-tipologie,segnalazioni-card.tsv S-C8-0883 S-C8-1070,"extra-ruolo CNR, atti successivi sullo stesso elenco altre-tipologie; importo_somma n.d.: totale di cluster non in AT (somma atti non pubblicata)"
row-019b3666a39ef1a38e16bd86,R-234,4e670eb6209a394d74ae6ea65e920da56d9d5df91ce8a3e8e6b7c00caecf433c,234,https://www.cnr.it/it/trasparenza/incarichi-altre-tipologie,R-234,media,CNR,cnr,MINAZZI Luca,2,rinnovo,2 oggetti; più frequente: incarichi extra-ruolo / altre tipologie,4000.00,4000.00,n.d.,n.d.,2024-04-29,2024-10-28,2024-04-29–2024-10-28 4000.00; 2025-04-08–n.d. 4000.00,https://www.cnr.it/it/trasparenza/incarichi-altre-tipologie,segnalazioni-card.tsv S-C8-1039 S-C8-1040,"extra-ruolo CNR, atti successivi sullo stesso elenco altre-tipologie; importo_somma n.d.: totale di cluster non in AT (somma atti non pubblicata)"
row-d18f97cf604ed21aa2d11dac,R-235,0c5025cb8c5a92fa21257d6562a0edc397eabba5ddbe159bc825676ac220ff6e,235,https://www.cnr.it/it/trasparenza/incarichi-altre-tipologie,R-235,media,CNR,cnr,DEL SORDO SARA,2,rinnovo,2 oggetti; più frequente: incarichi extra-ruolo / altre tipologie,3900.00,3858.00,n.d.,n.d.,2024-02-15,2025-08-20,2024-02-15–2024-06-15 3900.00; 2025-05-21–2025-08-20 3858.00,https://www.cnr.it/it/trasparenza/incarichi-altre-tipologie,segnalazioni-card.tsv S-C8-1049 S-C8-1051,"extra-ruolo CNR, atti successivi sullo stesso elenco altre-tipologie; importo_somma n.d.: totale di cluster non in AT (somma atti non pubblicata)"
row-38a568708062e6f02cb1f4a2,R-236,1b7e4104295f92ae1cbc6d7ccdcc7a5f6494fc2fc8ec2381dc243e3e82c07a87,236,https://www.cnr.it/it/trasparenza/incarichi-altre-tipologie,R-236,media,CNR,cnr,BAVIELLO CARMELA,2,rinnovo,2 oggetti; più frequente: incarichi extra-ruolo / altre tipologie,3816.79,3816.79,n.d.,n.d.,2024-04-02,2024-11-30,2024-04-02–2024-08-01 3816.79; 2024-10-01–2024-11-30 3816.79,https://www.cnr.it/it/trasparenza/incarichi-altre-tipologie,segnalazioni-card.tsv S-C8-1060 S-C8-1061,"extra-ruolo CNR, atti successivi sullo stesso elenco altre-tipologie; importo_somma n.d.: totale di cluster non in AT (somma atti non pubblicata)"
row-ae191c389bfdf8c83bc674fd,R-237,6e70265087f2e225fdfa6bff74a1b789eb5cfeea058c295364fe255c373b5953,237,https://www.cnr.it/it/trasparenza/incarichi-altre-tipologie,R-237,media,CNR,cnr,PAOLETTI ANDREA,2,rinnovo,2 oggetti; più frequente: incarichi extra-ruolo / altre tipologie,2500.00,5000.00,n.d.,n.d.,2024-09-02,2025-11-30,2024-09-02–2024-10-01 2500.00; 2025-10-01–2025-11-30 5000.00,https://www.cnr.it/it/trasparenza/incarichi-altre-tipologie,segnalazioni-card.tsv S-C8-0912 S-C8-1232,"extra-ruolo CNR, atti successivi sullo stesso elenco altre-tipologie; importo_somma n.d.: totale di cluster non in AT (somma atti non pubblicata)"
row-d9c4d24fbac3b7bca3f5ea3c,R-238,f820d2982e90ce84ac125528c5295c08c4b6259bda8fbddd5280aba887fe7a4f,238,https://www.cnr.it/it/trasparenza/incarichi-altre-tipologie,R-238,media,CNR,cnr,MORGANTI MARIANO,2,rinnovo,2 oggetti; più frequente: incarichi extra-ruolo / altre tipologie,3053.43,4147.47,n.d.,n.d.,2024-09-05,2026-07-31,2024-09-05–2024-12-04 3053.43; 2026-06-01–2026-07-31 4147.47,https://www.cnr.it/it/trasparenza/incarichi-altre-tipologie,segnalazioni-card.tsv S-C8-1022 S-C8-1139,"extra-ruolo CNR, atti successivi sullo stesso elenco altre-tipologie; importo_somma n.d.: totale di cluster non in AT (somma atti non pubblicata)"
row-a60c621b1b501cbd60fc2556,R-239,140f1f38a72d7a679fa5a2e3dfa33f19ab3d4892658b948c7d662334b4be30ca,239,https://www.cnr.it/it/trasparenza/incarichi-altre-tipologie,R-239,media,CNR,cnr,Crifo' Noemi,2,rinnovo,2 oggetti; più frequente: incarichi extra-ruolo / altre tipologie,5000.00,2003.82,n.d.,n.d.,2023-12-22,2024-10-08,2023-12-22–2024-02-21 5000.00; 2024-09-16–2024-10-08 2003.82,https://www.cnr.it/it/trasparenza/incarichi-altre-tipologie,segnalazioni-card.tsv S-C8-0893 S-C8-1272,"extra-ruolo CNR, atti successivi sullo stesso elenco altre-tipologie; importo_somma n.d.: totale di cluster non in AT (somma atti non pubblicata)"
row-0f4bfa4ece10396adc53a7bf,R-240,d27717d68009e33cb08a2eb82b8ae70668898ab70269e1ec894f4e7ea05fed9c,240,https://www.cnr.it/it/trasparenza/incarichi-altre-tipologie,R-240,media,CNR,cnr,ORSINA ANGELA,2,rinnovo,2 oggetti; più frequente: incarichi extra-ruolo / altre tipologie,2003.82,5000.00,n.d.,n.d.,2024-09-16,2025-02-06,2024-09-16–2024-10-08 2003.82; 2024-10-07–2025-02-06 5000.00,https://www.cnr.it/it/trasparenza/incarichi-altre-tipologie,segnalazioni-card.tsv S-C8-0911 S-C8-1273,"extra-ruolo CNR, atti successivi sullo stesso elenco altre-tipologie; importo_somma n.d.: totale di cluster non in AT (somma atti non pubblicata)"
row-eb37d1e7cd3cfaec25de500a,R-241,c35ba8e1eeb3ca1b295efa1ce032353210453c70a0f0de80f00bd1d4147bfc03,241,https://www.autorita-trasporti.it/trasparenza/consulenti-e-collaboratori-2/,R-241,media,Autorità di regolazione dei trasporti,art,Karen Lynn Maddick,2,rinnovo,2 oggetti; più frequente: Delibera n.141/2025 dell’31 luglio 2025 01/09/2025-31/12/2025 Membro esterno esperto in lingua inglese della Commissione,5000.00,1000.00,n.d.,n.d.,2025-06-15,2025-12-31,2025-06-15–2025-12-31 5000.00; 2025-09-01–2025-12-31 1000.00,https://www.autorita-trasporti.it/trasparenza/consulenti-e-collaboratori-2/,nominativi-incarichi.tsv,importo_somma n.d.: totale di cluster non in AT (somma atti non pubblicata)
row-199e6eadd5e7e3637df43f7e,R-242,16ff7e5ad9d052bd1facce1c17f4a02971a12d6f74775c67813b8365d973da89,242,https://amministrazionetrasparente.anvur.it/archiviofile/anvur/utente819/Incarichi%20personale%202026.pdf,R-242,media,Agenzia Nazionale di Valutazione del Sistema Universitario e della Ricerca,anvsu_rm,Tiziana Maselli,2,rinnovo,Conservatorio di Cremona,1500.00,4000.00,n.d.,4000.00,2026-06-11,n.d.,2026-06-11–n.d. 1500.00; 2026-06-19–n.d. 4000.00,https://amministrazionetrasparente.anvur.it/archiviofile/anvur/utente819/Incarichi%20personale%202026.pdf,nominativi-incarichi.tsv,non sommare annuo e totale; importo_annuo = ultimo valore annuale pubblicato (atti con annui diversi)
row-0641da5c2e8c5b6298013e6f,R-243,e537ca10ad8c94703023b0e765e4d302d9c9aaf87b5c87bcb827c1fd8695a68e,243,https://www.cnr.it/it/trasparenza/incarichi-altre-tipologie,R-243,media,CNR,cnr,RUSSOTTI VERONICA,2,rinnovo,2 oggetti; più frequente: incarichi extra-ruolo / altre tipologie,1526.72,3686.64,n.d.,n.d.,2024-09-05,2025-09-14,2024-09-05–2024-11-04 1526.72; 2025-07-15–2025-09-14 3686.64,https://www.cnr.it/it/trasparenza/incarichi-altre-tipologie,segnalazioni-card.tsv S-C8-1086 S-C8-1326,"extra-ruolo CNR, atti successivi sullo stesso elenco altre-tipologie; importo_somma n.d.: totale di cluster non in AT (somma atti non pubblicata)"
row-19638fde72e837f94a0b2de4,R-244,473b790065d23a2f696afea7e38225d5854aceaa77690b5a104aa2d9bef95959,244,https://www.cnr.it/it/trasparenza/incarichi-altre-tipologie,R-244,media,CNR,cnr,GIGLIO DONATA,2,rinnovo,2 oggetti; più frequente: incarichi extra-ruolo / altre tipologie,763.36,3686.64,n.d.,n.d.,2024-09-05,2026-07-31,2024-09-05–2024-10-04 763.36; 2026-06-01–2026-07-31 3686.64,https://www.cnr.it/it/trasparenza/incarichi-altre-tipologie,segnalazioni-card.tsv S-C8-1081 S-C8-1411,"extra-ruolo CNR, atti successivi sullo stesso elenco altre-tipologie; importo_somma n.d.: totale di cluster non in AT (somma atti non pubblicata)"
row-3c80b21e4e31c187dfd49867,R-245,ccf1c2d9de6dda62e3f9f4201523b0face1c1ddac1dd1058b4a224b66ddb6cae,245,https://www.agenziademanio.it/it/amministrazionetrasparente/consulenti-e-collaboratori/anno-2026/,R-245,media,Agenzia del Demanio,agd,Dott.ssa Maria Migliorato,2,proroga,"L’incarico ha ad oggetto il supporto specialistico in qualità di senior advisor per tutte le attività che l’Agenzia ha avviato in materia di sostenibilità, in particolare: i. nella",0.00,0.00,n.d.,n.d.,2025-04-14,n.d.,2025-04-14–n.d. 0.00; 2026-03-24–n.d. 0.00,https://www.agenziademanio.it/it/amministrazionetrasparente/consulenti-e-collaboratori/anno-2026/,nominativi-incarichi.tsv,proroga esplicita in fonte: «ondere la cultura della sostenibilità. (proroga) ODS collaboratori DG 2025 (dem_cons_2025.html); DEMANIO.AGDDG01.Reg»; importo_somma n.d.: totale di cluster non in AT (somma atti non pubblicata)
row-cce6dff19ba48d48a3ad30fc,R-246,f5941a02aa1bdb51fcfaecf9655c4735d70ae5828e933fc2c193eb9020c4469d,246,https://www.cnr.it/it/trasparenza/incarichi-altre-tipologie,R-246,bassa,CNR,cnr,Ravoni Alessandro,3,multi_incarico,3 oggetti; più frequente: incarichi extra-ruolo / altre tipologie,8300.00,2840.00,n.d.,n.d.,2025-10-01,2026-08-27,2025-10-01–2025-12-31 8300.00; 2026-02-13–2026-05-13 8500.00; 2026-07-28–2026-08-27 2840.00,https://www.cnr.it/it/trasparenza/incarichi-altre-tipologie,segnalazioni-card.tsv S-C8-0641 S-C8-0654 S-C8-1168,più incarichi distinti senza oggetto nominativo in card; importo_somma n.d.: totale di cluster non in AT (somma atti non pubblicata)
row-80c64fab4416534958182dbd,R-247,429c773c964afc3bba111c7ff690db9cb2702856ce07b5448d5218ecffe5936b,247,https://amministrazione-trasparente.ingv.it/web/trasparenza/pas/-/pas/igrid/11068,R-247,bassa,INGV,ingv,FUSI SARA,3,multi_incarico,3 oggetti,9000.00,2222.00,n.d.,n.d.,n.d.,n.d.,n.d.–n.d. 9000.00; n.d.–n.d. 8200.00; n.d.–n.d. 2222.00,https://amministrazione-trasparente.ingv.it/web/trasparenza/pas/-/pas/igrid/11068,segnalazioni-card.tsv S-C8-1933 S-C8-1940 S-C8-2054,più incarichi distinti senza oggetto nominativo in card; importo_somma n.d.: totale di cluster non in AT (somma atti non pubblicata)
row-89fcee691abad55556e6c9a7,R-248,1753d31e5cd098e7c742f85500d66b353a6e33327b8049fb63ddf93d4be27d51,248,https://www.cnr.it/it/trasparenza/incarichi-consulenza,R-248,bassa,CNR,cnr,CIARAMELLA GIOVANNI,2,multi_incarico,2 oggetti; più frequente: incarichi di consulenza,15000.00,3686.50,n.d.,n.d.,2024-10-21,2024-12-31,2024-10-21–2024-12-31 15000.00; 2025-12-19–n.d. 3686.50,https://www.cnr.it/it/trasparenza/incarichi-consulenza,segnalazioni-card.tsv S-C8-0369 S-C8-1089,sezioni AT diverse (es. consulenza vs altre-tipologie); atti distinti; importo_somma n.d.: totale di cluster non in AT (somma atti non pubblicata)
row-0095c92d5207d650ac06e003,R-249,ae6be923f1220c00316a734a32b74c9cc26e1ce14b1d8a3640bd1144fdd52e3c,249,https://www.cnr.it/it/trasparenza/incarichi-consulenza,R-249,bassa,CNR,cnr,GRIECO Alina,4,multi_incarico,4 oggetti; più frequente: incarichi di consulenza,4800.00,4807.69,n.d.,n.d.,2023-09-28,2025-09-20,2023-09-28–2024-03-28 4800.00; 2024-05-20–2024-06-20 1724.00; 2024-10-23–2025-03-22 7000.00; 2025-09-10–2025-09-20 4807.69,https://www.cnr.it/it/trasparenza/incarichi-consulenza,segnalazioni-card.tsv S-C8-0727 S-C8-0939 S-C8-0944 S-C8-1316,sezioni AT diverse (es. consulenza vs altre-tipologie); atti distinti; importo_somma n.d.: totale di cluster non in AT (somma atti non pubblicata)
row-03338a3a0eef8b692cac3172,R-250,ca5e07df7c9ece4dde57af59a74a874bfec9ebdaf6626a0955f074ba2d207db1,250,https://enac.portaleamministrazionetrasparente.it/pagina59_incarichi-conferiti-e-autorizzati-ai-dipendenti-dirigenti-e-non-dirigenti.html,R-250,bassa,ENAC,enac,Di Nucci Fabiana,2,multi_incarico,2 oggetti; più frequente: nota M_INF-n.0023711 del 06/07/2026,11025.00,6840.00,n.d.,n.d.,2026-08-03,n.d.,2026-08-03–n.d. 11025.00; 2026-08-03–n.d. 6840.00,https://enac.portaleamministrazionetrasparente.it/pagina59_incarichi-conferiti-e-autorizzati-ai-dipendenti-dirigenti-e-non-dirigenti.html,segnalazioni-card.tsv S-C3-89 S-C3-91,oggetti diversi o non omogenei; importo_somma n.d.: totale di cluster non in AT (somma atti non pubblicata)
row-3b8599b3e9e2a7b33672a8eb,R-251,46f0f638e4b0bedbb031a3a66844892251ad6dc6e728e8246ce6b5c172caae09,251,https://www.cnr.it/it/trasparenza/incarichi-altre-tipologie,R-251,bassa,CNR,cnr,PISANO ELISABETTA,3,multi_incarico,3 oggetti; più frequente: incarichi extra-ruolo / altre tipologie,3750.00,8000.00,n.d.,n.d.,2023-07-10,2025-01-31,2023-07-10–2024-07-09 3750.00; 2023-07-17–2024-01-16 6000.00; 2024-08-01–2025-01-31 8000.00,https://www.cnr.it/it/trasparenza/incarichi-altre-tipologie,segnalazioni-card.tsv S-C8-0671 S-C8-0820 S-C8-1074,più incarichi distinti senza oggetto nominativo in card; importo_somma n.d.: totale di cluster non in AT (somma atti non pubblicata)
row-9f60ab22aa0e5116ce565c0e,R-252,9f9911cdedc339f547d0c3910b25b7482c150b930c42fb1a0ebb8fcabc1fdb9e,252,https://www.cnr.it/it/trasparenza/incarichi-consulenza,R-252,bassa,CNR,cnr,DI MARO EVA,2,multi_incarico,2 oggetti; più frequente: incarichi di consulenza,3500.00,14000.00,n.d.,n.d.,2024-03-15,2025-11-30,2024-03-15–2024-06-30 3500.00; 2024-11-01–2025-11-30 14000.00,https://www.cnr.it/it/trasparenza/incarichi-consulenza,segnalazioni-card.tsv S-C8-0401 S-C8-1105,più incarichi distinti senza oggetto nominativo in card; importo_somma n.d.: totale di cluster non in AT (somma atti non pubblicata)
row-2b314cf6f8f25e89bfa2dbdc,R-253,fe710a223fdcd4d93306427710ff096ea448e53810e280fea16553fa49004033,253,https://www.cnr.it/it/trasparenza/incarichi-consulenza,R-253,bassa,CNR,cnr,VERGA CHIARA,2,multi_incarico,2 oggetti; più frequente: incarichi di consulenza,7796.29,9230.76,n.d.,n.d.,2024-10-29,2026-07-04,2024-10-29–2024-12-28 7796.29; 2026-02-04–2026-07-04 9230.76,https://www.cnr.it/it/trasparenza/incarichi-consulenza,segnalazioni-card.tsv S-C8-0600 S-C8-0679,sezioni AT diverse (es. consulenza vs altre-tipologie); atti distinti; importo_somma n.d.: totale di cluster non in AT (somma atti non pubblicata)
row-da832b0d5581fbdad89ab3c8,R-254,0469d274f16aabcf14e7ec5bf6fd443d6033583787e2314fb18bba7fe98c8c69,254,https://www.agenziaentrateriscossione.gov.it/it/il-gruppo/amministrazionetrasparente/consulentiCollaboratori/titolari-di-incarichi-di-collaborazione-o-consulenza/,R-254,bassa,Agenzia delle Entrate-Riscossione,esrsris,Avv. Emilio Ricci,3,multi_incarico,3 patrocini distinti (rappresentanza in giudizio),8499.59,3958.76,n.d.,n.d.,2025-07-09,n.d.,2025-07-09–n.d. 8499.59; 2026-06-09–n.d. 4241.02; 2026-07-13–n.d. 3958.76,https://www.agenziaentrateriscossione.gov.it/it/il-gruppo/amministrazionetrasparente/consulentiCollaboratori/titolari-di-incarichi-di-collaborazione-o-consulenza/,nominativi-incarichi.tsv,"3 patrocini distinti AdER, non proroga di un retainer; importo_somma n.d.: totale di cluster non in AT (somma atti non pubblicata)"
row-b5a9cbad682729405f228944,R-255,fa97c59e1c14c5b1eeb1e0c939b57ab84337c29abd261f7afc236fe9093fa6a2,255,https://www.cnr.it/it/trasparenza/incarichi-consulenza,R-255,bassa,CNR,cnr,PICCIOTTO SABRINA,2,multi_incarico,2 oggetti; più frequente: incarichi di consulenza,12000.00,4608.30,n.d.,n.d.,2025-12-02,2026-05-12,2025-12-02–2026-03-01 12000.00; 2026-04-13–2026-05-12 4608.30,https://www.cnr.it/it/trasparenza/incarichi-consulenza,segnalazioni-card.tsv S-C8-0467 S-C8-0962,sezioni AT diverse (es. consulenza vs altre-tipologie); atti distinti; importo_somma n.d.: totale di cluster non in AT (somma atti non pubblicata)
row-ba001b7db8ea2f8fabf75d02,R-256,954aaa50259f13bfb2131cdefefb4f8b437989b7ce8bdc8972451bfbfc70a7af,256,https://amministrazione-trasparente.ingv.it/web/trasparenza/pas/-/pas/igrid/11068,R-256,bassa,INGV,ingv,STRAMONDO SALVATORE,4,multi_incarico,4 oggetti,9000.00,625.76,n.d.,n.d.,n.d.,n.d.,n.d.–n.d. 9000.00; n.d.–n.d. 6000.00; n.d.–n.d. 625.86; n.d.–n.d. 625.76,https://amministrazione-trasparente.ingv.it/web/trasparenza/pas/-/pas/igrid/11068,segnalazioni-card.tsv S-C8-1936 S-C8-1964 S-C8-2206 S-C8-2207 S-C8-1937,più incarichi distinti senza oggetto nominativo in card; importo_somma n.d.: totale di cluster non in AT (somma atti non pubblicata)
row-873ef5772c6dc63670b3832b,R-257,36adde06f35d6a09a090abc1ad618b202ad7c97309147850635d334ac811ee7a,257,https://www.cnr.it/it/trasparenza/incarichi-consulenza,R-257,bassa,CNR,cnr,AFFE' FABIO,2,multi_incarico,2 oggetti; più frequente: incarichi di consulenza,10000.00,6250.08,n.d.,n.d.,2024-01-20,2025-12-12,2024-01-20–2024-07-19 10000.00; 2025-10-13–2025-12-12 6250.08,https://www.cnr.it/it/trasparenza/incarichi-consulenza,segnalazioni-card.tsv S-C8-0535 S-C8-0780,sezioni AT diverse (es. consulenza vs altre-tipologie); atti distinti; importo_somma n.d.: totale di cluster non in AT (somma atti non pubblicata)
row-bb6c1e5a3e199d26bbdf4d73,R-258,4ee59dfcac07a05e47ec295bd31bc1f325095cb8076c243ed55502031f169563,258,https://www.cnr.it/it/trasparenza/incarichi-consulenza,R-258,bassa,CNR,cnr,Putman Nicholas Michael,2,multi_incarico,2 oggetti; più frequente: incarichi di consulenza,7783.79,7024.20,n.d.,n.d.,2025-09-22,2026-02-09,2025-09-22–2025-11-21 7783.79; 2025-11-10–2026-02-09 7024.20,https://www.cnr.it/it/trasparenza/incarichi-consulenza,segnalazioni-card.tsv S-C8-0681 S-C8-0719,sezioni AT diverse (es. consulenza vs altre-tipologie); atti distinti; importo_somma n.d.: totale di cluster non in AT (somma atti non pubblicata)
row-6851c202187580f474c09d35,R-259,13eaa4e5eb7215f29bae6bf216bc25c1d993e538a297fc1a72eaef2cc5d9c6c9,259,https://trasparenza.ispettorato.gov.it/page/46/details/74922/iam-contratto-di-consulenza-per-lattivita-di-medico-competente.html,R-259,bassa,INL,inlavoro,Angelo Lauro,2,multi_incarico,2 oggetti; più frequente: incarichi di consulenza,8785.41,6000.00,n.d.,n.d.,2024-09-09,2027-09-09,2024-09-09–2027-09-09 8785.41; 2024-09-16–2027-09-08 6000.00,https://trasparenza.ispettorato.gov.it/page/46/details/74922/iam-contratto-di-consulenza-per-lattivita-di-medico-competente.html,segnalazioni-card.tsv S-C3-109 S-C3-113,sezioni AT diverse (es. consulenza vs altre-tipologie); atti distinti; importo_somma n.d.: totale di cluster non in AT (somma atti non pubblicata)
row-1b0ac46cf1ee2418da32ad51,R-260,acd3dad3cada934e3d01b0a2b108974ce154adbd2985aaf7cdcd9d1216582a52,260,https://www.cnr.it/it/trasparenza/incarichi-consulenza,R-260,bassa,CNR,cnr,CANESTRELLI CRISTINA,2,multi_incarico,2 oggetti; più frequente: incarichi di consulenza,8600.00,6155.84,n.d.,n.d.,2024-01-09,2025-09-02,2024-01-09–2024-11-04 8600.00; 2025-06-04–2025-09-02 6155.84,https://www.cnr.it/it/trasparenza/incarichi-consulenza,segnalazioni-card.tsv S-C8-0637 S-C8-0789,sezioni AT diverse (es. consulenza vs altre-tipologie); atti distinti; importo_somma n.d.: totale di cluster non in AT (somma atti non pubblicata)
row-e9b040dccf71786bd1303959,R-261,521ea8f736d5849bf5ce91ef1f599eb8dc89259d2d55ce8e3d81a056972096bf,261,https://www.cnr.it/it/trasparenza/incarichi-consulenza,R-261,bassa,CNR,cnr,Pilleri Antonio,2,multi_incarico,2 oggetti; più frequente: incarichi di consulenza,7750.00,6975.00,n.d.,n.d.,2024-09-02,2025-06-30,2024-09-02–2025-06-30 7750.00; 2025-07-07–n.d. 6975.00,https://www.cnr.it/it/trasparenza/incarichi-consulenza,segnalazioni-card.tsv S-C8-0682 S-C8-0739,sezioni AT diverse (es. consulenza vs altre-tipologie); atti distinti; importo_somma n.d.: totale di cluster non in AT (somma atti non pubblicata)
row-5c157bbc488c874ed41a98a8,R-262,a857ef746eb3b1d4cfe3f751210e64d6268497c64bad8d581b0fd354972a7b8d,262,https://amministrazione-trasparente.ingv.it/web/trasparenza/pas/-/pas/igrid/11068,R-262,bassa,INGV,ingv,FERTITTA Gioacchino,2,multi_incarico,2 oggetti,9800.00,4900.00,n.d.,n.d.,n.d.,n.d.,n.d.–n.d. 9800.00; n.d.–n.d. 4900.00,https://amministrazione-trasparente.ingv.it/web/trasparenza/pas/-/pas/igrid/11068,segnalazioni-card.tsv S-C8-1923 S-C8-2001 S-C8-1924,più incarichi distinti senza oggetto nominativo in card; importo_somma n.d.: totale di cluster non in AT (somma atti non pubblicata)
row-9205bc228596553104949e77,R-263,bc281870a958cd6af38b7486bccf86d10fa5ae86ab153c65feb5c761145c112d,263,https://amministrazione-trasparente.ingv.it/web/trasparenza/pas/-/pas/igrid/11068,R-263,bassa,INGV,ingv,ZUCCHERETTI ENRICO,3,multi_incarico,3 oggetti,12000.00,500.00,n.d.,n.d.,2026-03-25,n.d.,2026-03-25–n.d. 12000.00; n.d.–n.d. 2000.00; n.d.–n.d. 500.00,https://amministrazione-trasparente.ingv.it/web/trasparenza/pas/-/pas/igrid/11068,segnalazioni-card.tsv S-C8-1907 S-C8-2068 S-C8-2240,più incarichi distinti senza oggetto nominativo in card; importo_somma n.d.: totale di cluster non in AT (somma atti non pubblicata)
row-6b3d16d670dcbccc5f1153d8,R-264,d612d58a236cf2c86205d329c6a046d65334e3af57238116ca71a12946ae996a,264,https://amministrazione-trasparente.ingv.it/web/trasparenza/pas/-/pas/igrid/11068,R-264,bassa,INGV,ingv,GRECO FILIPPO,3,multi_incarico,3 oggetti,8000.00,1500.00,n.d.,n.d.,n.d.,n.d.,n.d.–n.d. 8000.00; n.d.–n.d. 4250.00; n.d.–n.d. 1500.00,https://amministrazione-trasparente.ingv.it/web/trasparenza/pas/-/pas/igrid/11068,segnalazioni-card.tsv S-C8-1943 S-C8-2013 S-C8-2124 S-C8-2125,più incarichi distinti senza oggetto nominativo in card; importo_somma n.d.: totale di cluster non in AT (somma atti non pubblicata)
row-b6d3280ecf9536a864a1d957,R-265,76cf4cce6bb7874e8fc48c3eb829552dbeb9a840b45253ce99be0cb5c7f5f8c0,265,https://www.cnr.it/it/trasparenza/incarichi-consulenza,R-265,bassa,CNR,cnr,Fusacchia Giorgia,2,multi_incarico,2 oggetti; più frequente: incarichi di consulenza,4580.15,9160.30,n.d.,n.d.,2024-09-01,2025-11-06,2024-09-01–2024-12-30 4580.15; 2025-03-11–2025-11-06 9160.30,https://www.cnr.it/it/trasparenza/incarichi-consulenza,segnalazioni-card.tsv S-C8-0602 S-C8-0991,sezioni AT diverse (es. consulenza vs altre-tipologie); atti distinti; importo_somma n.d.: totale di cluster non in AT (somma atti non pubblicata)
row-edc29e7ebcd5c49130e794a4,R-266,16d2cd3f3aa1a58e10f3360157507a6f79b54ad98a13d13bafc9a691a75cd0aa,266,https://www.agenziaentrateriscossione.gov.it/it/il-gruppo/amministrazionetrasparente/consulentiCollaboratori/titolari-di-incarichi-di-collaborazione-o-consulenza/,R-266,bassa,Agenzia delle Entrate-Riscossione,esrsris,Avv. Marcello Cecchetti,2,multi_incarico,2 patrocini distinti (rappresentanza in giudizio),7875.66,5408.00,n.d.,n.d.,2025-01-09,n.d.,2025-01-09–n.d. 7875.66; 2026-02-18–n.d. 5408.00,https://www.agenziaentrateriscossione.gov.it/it/il-gruppo/amministrazionetrasparente/consulentiCollaboratori/titolari-di-incarichi-di-collaborazione-o-consulenza/,nominativi-incarichi.tsv,"2 patrocini distinti AdER, non proroga di un retainer; importo_somma n.d.: totale di cluster non in AT (somma atti non pubblicata)"
row-3eca67a7d06656d58d1e3eff,R-267,be10537b62e0669be16159bebed16c83dcd97607da36d41d908e36ccc28f6295,267,https://www.cnr.it/it/trasparenza/incarichi-altre-tipologie,R-267,bassa,CNR,cnr,TRASACCO FULVIO,2,multi_incarico,2 oggetti; più frequente: incarichi di consulenza,3310.00,9780.00,n.d.,n.d.,2023-10-30,2025-10-18,2023-10-30–2024-01-30 3310.00; 2024-12-19–2025-10-18 9780.00,https://www.cnr.it/it/trasparenza/incarichi-altre-tipologie,segnalazioni-card.tsv S-C8-0583 S-C8-1126,sezioni AT diverse (es. consulenza vs altre-tipologie); atti distinti; importo_somma n.d.: totale di cluster non in AT (somma atti non pubblicata)
row-31b3c891c701656fc56155a0,R-268,0910c2059040d3fa6a60c9c5c6e7a7c9fc8f5b7251a03f0babec757b97f04d49,268,https://www.cnr.it/it/trasparenza/incarichi-altre-tipologie,R-268,bassa,CNR,cnr,Tancredi Marco,2,multi_incarico,2 oggetti; più frequente: incarichi di consulenza,2994.00,9000.00,n.d.,n.d.,2024-01-15,2024-10-15,2024-01-15–2024-03-14 2994.00; 2024-09-16–2024-10-15 9000.00,https://www.cnr.it/it/trasparenza/incarichi-altre-tipologie,segnalazioni-card.tsv S-C8-0625 S-C8-1162,sezioni AT diverse (es. consulenza vs altre-tipologie); atti distinti; importo_somma n.d.: totale di cluster non in AT (somma atti non pubblicata)
row-e5877a50deec03eb35a71fe1,R-269,014c36d28c899aaae9f44caf2d27bc4f463e98e97bd2fe9f3387b589bc02b655,269,https://www.cnr.it/it/trasparenza/incarichi-consulenza,R-269,bassa,CNR,cnr,CIACCI GIULIA,2,multi_incarico,2 oggetti; più frequente: incarichi di consulenza,3100.00,8863.20,n.d.,n.d.,2023-05-25,2024-02-26,2023-05-25–2024-02-26 3100.00; 2025-02-10–n.d. 8863.20,https://www.cnr.it/it/trasparenza/incarichi-consulenza,segnalazioni-card.tsv S-C8-0630 S-C8-1135,sezioni AT diverse (es. consulenza vs altre-tipologie); atti distinti; importo_somma n.d.: totale di cluster non in AT (somma atti non pubblicata)
row-1b9242abc44664e4965d7c1d,R-270,d8d86dd3312aa3ddea20a53f8d666f82f7391b9d68a379c0a5a659a018233a29,270,https://www.cnr.it/it/trasparenza/incarichi-consulenza,R-270,bassa,CNR,cnr,Nucifora Salvatore,2,multi_incarico,2 oggetti; più frequente: incarichi di consulenza,10280.00,1647.44,n.d.,n.d.,2024-09-02,2025-03-01,2024-09-02–2025-03-01 10280.00; 2025-02-01–2025-03-01 1647.44,https://www.cnr.it/it/trasparenza/incarichi-consulenza,segnalazioni-card.tsv S-C8-0520 S-C8-1321,più incarichi distinti senza oggetto nominativo in card; importo_somma n.d.: totale di cluster non in AT (somma atti non pubblicata)
row-9f5123a8f8b1bb4afc6ae4f7,R-271,eae922df64f8f5604f29a5ae39e90914e19e395574bd3a1288d9572c1b99f838,271,https://www.cnr.it/it/trasparenza/incarichi-consulenza,R-271,bassa,CNR,cnr,BEHAL JAROMIR,2,multi_incarico,2 oggetti; più frequente: incarichi di consulenza,5000.00,6813.31,n.d.,n.d.,2024-07-08,2025-10-20,2024-07-08–2024-09-07 5000.00; 2025-07-21–2025-10-20 6813.31,https://www.cnr.it/it/trasparenza/incarichi-consulenza,segnalazioni-card.tsv S-C8-0751 S-C8-0886,sezioni AT diverse (es. consulenza vs altre-tipologie); atti distinti; importo_somma n.d.: totale di cluster non in AT (somma atti non pubblicata)
row-10a5e9825b8a5cba7282cd77,R-272,f233cedc1de74d8f33ea3376e77435a8657033c5649babcf9ea6dd3cc298e404,272,https://www.cnr.it/it/trasparenza/incarichi-altre-tipologie,R-272,bassa,CNR,cnr,Rosignoli Massimiliano,2,multi_incarico,2 oggetti; più frequente: incarichi di consulenza,9000.00,2692.31,n.d.,n.d.,2022-09-23,2026-07-31,2022-09-23–2024-11-08 9000.00; 2026-06-09–2026-07-31 2692.31,https://www.cnr.it/it/trasparenza/incarichi-altre-tipologie,segnalazioni-card.tsv S-C8-0621 S-C8-1191,sezioni AT diverse (es. consulenza vs altre-tipologie); atti distinti; importo_somma n.d.: totale di cluster non in AT (somma atti non pubblicata)
row-e22c9c02fbde73798b2c977d,R-273,27752b5dd733fc60035893185314d95fe5df871338d54436600b62afc6b33fc1,273,https://amministrazione-trasparente.ingv.it/web/trasparenza/pas/-/pas/igrid/11068,R-273,bassa,INGV,ingv,MORELLI ANDREA,3,multi_incarico,3 oggetti,8000.00,1554.51,n.d.,n.d.,n.d.,n.d.,n.d.–n.d. 8000.00; n.d.–n.d. 2025.00; n.d.–n.d. 1554.51,https://amministrazione-trasparente.ingv.it/web/trasparenza/pas/-/pas/igrid/11068,segnalazioni-card.tsv S-C8-1944 S-C8-2058 S-C8-2117,più incarichi distinti senza oggetto nominativo in card; importo_somma n.d.: totale di cluster non in AT (somma atti non pubblicata)
row-309c7a9ac312e1bd84ac9302,R-274,689ef7cb6ebe578b8e31ec20a0e3e75dee3864b84902b210dd8b744979439ee5,274,https://amministrazione-trasparente.ingv.it/web/trasparenza/pas/-/pas/igrid/11068,R-274,bassa,INGV,ingv,MUSACCHIO MASSIMO,2,multi_incarico,2 oggetti,9600.00,1500.00,n.d.,n.d.,n.d.,n.d.,n.d.–n.d. 9600.00; n.d.–n.d. 1500.00,https://amministrazione-trasparente.ingv.it/web/trasparenza/pas/-/pas/igrid/11068,segnalazioni-card.tsv S-C8-1926 S-C8-2127 S-C8-1927,più incarichi distinti senza oggetto nominativo in card; importo_somma n.d.: totale di cluster non in AT (somma atti non pubblicata)
row-19678bedf436235b4e9f603c,R-275,c83255423db504128e3465a34bf3328eab2a7ae669bc325099cc334418804d93,275,https://www.cnr.it/it/trasparenza/incarichi-consulenza,R-275,bassa,CNR,cnr,TALLURI MARCO,2,multi_incarico,2 oggetti; più frequente: incarichi di consulenza,5000.00,6000.00,n.d.,n.d.,2023-12-14,2026-06-30,2023-12-14–2024-04-13 5000.00; 2026-02-01–2026-06-30 6000.00,https://www.cnr.it/it/trasparenza/incarichi-consulenza,segnalazioni-card.tsv S-C8-0826 S-C8-0926 S-C8-0827,sezioni AT diverse (es. consulenza vs altre-tipologie); atti distinti; importo_somma n.d.: totale di cluster non in AT (somma atti non pubblicata)
row-d8db1bced65794407aed42e6,R-276,deaaf1aeb105299836a088307ef4e7452d21d6b89ff4fedcb93f77726be750c1,276,https://amministrazione-trasparente.ingv.it/web/trasparenza/pas/-/pas/igrid/11068,R-276,bassa,INGV,ingv,TADINI ALESSANDRO,2,multi_incarico,2 oggetti,6023.00,4712.00,n.d.,n.d.,n.d.,n.d.,n.d.–n.d. 6023.00; n.d.–n.d. 4712.00,https://amministrazione-trasparente.ingv.it/web/trasparenza/pas/-/pas/igrid/11068,segnalazioni-card.tsv S-C8-1954 S-C8-2006,più incarichi distinti senza oggetto nominativo in card; importo_somma n.d.: totale di cluster non in AT (somma atti non pubblicata)
row-b9be1a792dfda971e962d85b,R-277,c9839a8588149892af56f1c588edc0e75045f396651df07a6a2edc452b9c158b,277,https://www.agenziaentrateriscossione.gov.it/it/il-gruppo/amministrazionetrasparente/consulentiCollaboratori/titolari-di-incarichi-di-collaborazione-o-consulenza/,R-277,bassa,Agenzia delle Entrate-Riscossione,esrsris,Avv. Fabrizio Daverio,3,multi_incarico,3 patrocini distinti (rappresentanza in giudizio),2600.00,3640.00,n.d.,n.d.,2024-10-04,n.d.,2024-10-04–n.d. 2600.00; 2024-11-19–n.d. 4030.00; 2025-07-09–n.d. 3640.00,https://www.agenziaentrateriscossione.gov.it/it/il-gruppo/amministrazionetrasparente/consulentiCollaboratori/titolari-di-incarichi-di-collaborazione-o-consulenza/,nominativi-incarichi.tsv,"3 patrocini distinti AdER, non proroga di un retainer; importo_somma n.d.: totale di cluster non in AT (somma atti non pubblicata)"
row-5b7ce570733cd315fa17b678,R-278,e93f0e8bfd5cb259cd4cdc13a135d1bd06ffbc1621771d80b71a036247d81def,278,https://amministrazione-trasparente.ingv.it/web/trasparenza/pas/-/pas/igrid/11068,R-278,bassa,INGV,ingv,SPASSIANI Ilaria,4,multi_incarico,4 oggetti,5500.00,650.00,n.d.,n.d.,n.d.,n.d.,n.d.–n.d. 5500.00; n.d.–n.d. 2800.00; n.d.–n.d. 1300.00; n.d.–n.d. 650.00,https://amministrazione-trasparente.ingv.it/web/trasparenza/pas/-/pas/igrid/11068,segnalazioni-card.tsv S-C8-1965 S-C8-2033 S-C8-2132 S-C8-2200 S-C8-1966,più incarichi distinti senza oggetto nominativo in card; importo_somma n.d.: totale di cluster non in AT (somma atti non pubblicata)
row-f7b75f9d5dadc21183dd65f7,R-279,0b95e6da75fcdf112042610b6c4c89e3998949f7d170bc49d5d457d729933eba,279,https://amministrazione-trasparente.ingv.it/web/trasparenza/pas/-/pas/igrid/11068,R-279,bassa,INGV,ingv,MUSACCHIO GEMMA,2,multi_incarico,2 oggetti,9600.00,275.00,n.d.,n.d.,n.d.,n.d.,n.d.–n.d. 9600.00; n.d.–n.d. 275.00,https://amministrazione-trasparente.ingv.it/web/trasparenza/pas/-/pas/igrid/11068,segnalazioni-card.tsv S-C8-1925 S-C8-2272 S-C8-2273,più incarichi distinti senza oggetto nominativo in card; importo_somma n.d.: totale di cluster non in AT (somma atti non pubblicata)
row-07311164bac3bd166f6f3c84,R-280,4e5fe2d45a688943b200919eb97a589248506f8f13e71156cffdb836c06b3b96,280,https://www.agenziaentrateriscossione.gov.it/it/il-gruppo/amministrazionetrasparente/consulentiCollaboratori/titolari-di-incarichi-di-collaborazione-o-consulenza/,R-280,bassa,Agenzia delle Entrate-Riscossione,esrsris,Avv. Leonardo Giglio,3,multi_incarico,3 patrocini distinti (rappresentanza in giudizio),3557.84,3921.68,n.d.,n.d.,2024-09-30,n.d.,2024-09-30–n.d. 3557.84; 2025-03-26–n.d. 2392.00; 2025-10-27–n.d. 3921.68,https://www.agenziaentrateriscossione.gov.it/it/il-gruppo/amministrazionetrasparente/consulentiCollaboratori/titolari-di-incarichi-di-collaborazione-o-consulenza/,nominativi-incarichi.tsv,"3 patrocini distinti AdER, non proroga di un retainer; importo_somma n.d.: totale di cluster non in AT (somma atti non pubblicata)"
row-49e5955d4a7491d4207cb30b,R-281,5229a11e1ff4aa2a2e09c7b56cfc239ea6154e667eda79c7007b5d5eeccc5d71,281,https://www.cnr.it/it/trasparenza/incarichi-altre-tipologie,R-281,bassa,CNR,cnr,STUDIO GL - DOTT. GIUSEPPE LOIACONO,2,multi_incarico,2 oggetti; più frequente: incarichi di consulenza,6000.00,3692.31,n.d.,n.d.,2023-12-29,2024-11-30,2023-12-29–2024-01-20 6000.00; 2024-10-01–2024-11-30 3692.31,https://www.cnr.it/it/trasparenza/incarichi-altre-tipologie,segnalazioni-card.tsv S-C8-0825 S-C8-1079,sezioni AT diverse (es. consulenza vs altre-tipologie); atti distinti; importo_somma n.d.: totale di cluster non in AT (somma atti non pubblicata)
row-d473fca07cbab1f750244195,R-282,e4467b497b637cf1220233ce8fbbd3be0fa827f51e1ed181b4a175c4a885773f,282,https://amministrazione-trasparente.ingv.it/web/trasparenza/pas/-/pas/igrid/11068,R-282,bassa,INGV,ingv,BURRATO PIERFRANCESCO,2,multi_incarico,2 oggetti,9000.00,464.85,n.d.,n.d.,n.d.,n.d.,n.d.–n.d. 9000.00; n.d.–n.d. 464.85,https://amministrazione-trasparente.ingv.it/web/trasparenza/pas/-/pas/igrid/11068,segnalazioni-card.tsv S-C8-1932 S-C8-2242,più incarichi distinti senza oggetto nominativo in card; importo_somma n.d.: totale di cluster non in AT (somma atti non pubblicata)
row-dd77adfb6cc1c71b747961c9,R-283,b34678db358430640d8ef6404411f3425eb7b911cd7c59820e8040b33df21541,283,https://amministrazione-trasparente.ingv.it/web/trasparenza/pas/-/pas/igrid/11068,R-283,bassa,INGV,ingv,Mattia de’ Michieli Vitturi,2,multi_incarico,2 oggetti,4729.19,4723.31,n.d.,n.d.,n.d.,n.d.,n.d.–n.d. 4729.19; n.d.–n.d. 4723.31,https://amministrazione-trasparente.ingv.it/web/trasparenza/pas/-/pas/igrid/11068,segnalazioni-card.tsv S-C8-2004 S-C8-2005,più incarichi distinti senza oggetto nominativo in card; importo_somma n.d.: totale di cluster non in AT (somma atti non pubblicata)
row-782a74d83ef075c2643f502b,R-284,0e06fd5e9142c6245b915f4cf2055682b78e2c218aebb69621d9bee0f26c36ba,284,https://www.cnr.it/it/trasparenza/incarichi-consulenza,R-284,bassa,CNR,cnr,TELLEZ PERLA,2,multi_incarico,2 oggetti; più frequente: incarichi di consulenza,3816.79,5343.51,n.d.,n.d.,2024-01-30,2025-08-29,2024-01-30–2024-06-28 3816.79; 2025-07-15–2025-08-29 5343.51,https://www.cnr.it/it/trasparenza/incarichi-consulenza,segnalazioni-card.tsv S-C8-0875 S-C8-1065,sezioni AT diverse (es. consulenza vs altre-tipologie); atti distinti; importo_somma n.d.: totale di cluster non in AT (somma atti non pubblicata)
row-5d7a57981377dd73199da7a1,R-285,7f8795a5501c822d932ebdd623a498b1b93920e03cc48d765bb3e994482d8e28,285,https://www.iss.it/documents/20126/9028926/2025_2_13_incarichi_dipendenti_DFP00013055.csv,R-285,bassa,ISS,iss_rm,FERRANTI CAROLINA,5,multi_incarico,5 oggetti; più frequente: commissioni settimanali ISS,1187.50,4500.00,n.d.,n.d.,2024-01-18,2026-07-28,2024-01-18–2024-01-19 1187.50; 2024-02-20–2024-02-21 950.00; 2024-03-11–2024-03-12 1187.00; 2024-04-23–2024-04-24 1187.50; 2024-05-06–2026-07-28 4500.00,https://www.iss.it/documents/20126/9028926/2025_2_13_incarichi_dipendenti_DFP00013055.csv,segnalazioni-card.tsv S-C8-1657 S-C8-1683 S-C8-1684 S-C8-1685 S-C8-1690,"commissioni ISS seriali (gettoni/settimane), non un unico contratto; importo_somma n.d.: totale di cluster non in AT (somma atti non pubblicata)"
row-053816a3e2697563564e2e10,R-286,4453d91c3f1bd8585042b4b2892960cb1cabf4800f5a4784af9cefe32c365483,286,https://amministrazione-trasparente.ingv.it/web/trasparenza/pas/-/pas/igrid/11068,R-286,bassa,INGV,ingv,SOMMA Renato,6,multi_incarico,6 oggetti,3000.00,225.00,n.d.,n.d.,n.d.,n.d.,n.d.–n.d. 3000.00; n.d.–n.d. 2500.00; n.d.–n.d. 1440.00; n.d.–n.d. 1250.00; n.d.–n.d. 450.00; n.d.–n.d. 225.00,https://amministrazione-trasparente.ingv.it/web/trasparenza/pas/-/pas/igrid/11068,segnalazioni-card.tsv S-C8-2030 S-C8-2046 S-C8-2129 S-C8-2135 S-C8-2250 S-C8-2288,"incarichi seriali di piccolo importo, non un unico contratto; importo_somma n.d.: totale di cluster non in AT (somma atti non pubblicata)"
row-3c15822edd5cd300685082ea,R-287,2a4ef7bfe455b9e7476df42f059d1aaa1305f8f7cbffb2d25b3fe4372d18d96c,287,https://www.agenziaentrateriscossione.gov.it/it/il-gruppo/amministrazionetrasparente/consulentiCollaboratori/titolari-di-incarichi-di-collaborazione-o-consulenza/,R-287,bassa,Agenzia delle Entrate-Riscossione,esrsris,Avv. Nunzio Rizzo,2,multi_incarico,2 patrocini distinti (rappresentanza in giudizio),3588.00,5226.00,n.d.,n.d.,2025-03-20,n.d.,2025-03-20–n.d. 3588.00; 2025-06-13–n.d. 5226.00,https://www.agenziaentrateriscossione.gov.it/it/il-gruppo/amministrazionetrasparente/consulentiCollaboratori/titolari-di-incarichi-di-collaborazione-o-consulenza/,nominativi-incarichi.tsv,"2 patrocini distinti AdER, non proroga di un retainer; importo_somma n.d.: totale di cluster non in AT (somma atti non pubblicata)"
row-400482bf1194eee8908a34df,R-288,be09d309a1f982335e37b4473c89c33e3c2f33e759533053d597f2188c306fe0,288,https://amministrazione-trasparente.ingv.it/web/trasparenza/pas/-/pas/igrid/11068,R-288,bassa,INGV,ingv,TARONI Matteo,4,multi_incarico,4 oggetti,4000.00,650.00,n.d.,n.d.,n.d.,n.d.,n.d.–n.d. 4000.00; n.d.–n.d. 2800.00; n.d.–n.d. 1300.00; n.d.–n.d. 650.00,https://amministrazione-trasparente.ingv.it/web/trasparenza/pas/-/pas/igrid/11068,segnalazioni-card.tsv S-C8-2016 S-C8-2034 S-C8-2133 S-C8-2201 S-C8-2035 S-C8-2036,più incarichi distinti senza oggetto nominativo in card; importo_somma n.d.: totale di cluster non in AT (somma atti non pubblicata)
row-53b69df1b24961721588d5d8,R-289,38ba07c387704e3a1ea9ff3ce8c00a0e74ddfb754c6c0af622a5c31c45f03c93,289,https://www.cnr.it/it/trasparenza/incarichi-consulenza,R-289,bassa,CNR,cnr,DADDI STEFANO,2,multi_incarico,2 oggetti; più frequente: incarichi di consulenza,5343.51,3053.43,n.d.,n.d.,2025-07-22,2026-05-20,2025-07-22–2025-09-04 5343.51; 2026-02-20–2026-05-20 3053.43,https://www.cnr.it/it/trasparenza/incarichi-consulenza,segnalazioni-card.tsv S-C8-0872 S-C8-1137,più incarichi distinti senza oggetto nominativo in card; importo_somma n.d.: totale di cluster non in AT (somma atti non pubblicata)
row-ba36f90e32b0b90abcc4c9c5,R-290,ddf72788f8d7cd4841beedbfd2818cca7b5d61705475561b246bcb4c4d43f527,290,https://szn.portaleamministrazionetrasparente.it/archivio4_incarichi-e-consulenze_0_126193_61_1.html,R-290,bassa,Stazione Zoologica Anton Dohrn,sz_063,Monica Graziano,2,multi_incarico,2 oggetti,4305.53,3873.43,n.d.,n.d.,2025-02-04,2029-02-04,2025-02-04–2029-02-04 4305.53; 2025-02-04–2029-02-03 3873.43,https://szn.portaleamministrazionetrasparente.it/archivio4_incarichi-e-consulenze_0_126193_61_1.html,segnalazioni-card.tsv S-C8-2012 S-C8-2018,sezioni AT diverse (es. consulenza vs altre-tipologie); atti distinti; importo_somma n.d.: totale di cluster non in AT (somma atti non pubblicata)
row-1ddb401df0c7d5419698597e,R-291,3c202868c7bb4f463db2c40808c77d721cb69b7ba9ff2d5fe2b3c7650233baae,291,https://www.agenziaentrateriscossione.gov.it/it/il-gruppo/amministrazionetrasparente/consulentiCollaboratori/titolari-di-incarichi-di-collaborazione-o-consulenza/,R-291,bassa,Agenzia delle Entrate-Riscossione,esrsris,Avv. Carlo Mussa,2,multi_incarico,2 patrocini distinti (rappresentanza in giudizio),5662.00,2502.40,n.d.,n.d.,2025-04-17,n.d.,2025-04-17–n.d. 5662.00; 2025-06-12–n.d. 2502.40,https://www.agenziaentrateriscossione.gov.it/it/il-gruppo/amministrazionetrasparente/consulentiCollaboratori/titolari-di-incarichi-di-collaborazione-o-consulenza/,nominativi-incarichi.tsv,"2 patrocini distinti AdER, non proroga di un retainer; importo_somma n.d.: totale di cluster non in AT (somma atti non pubblicata)"
row-fca0a8cb0cfabd529c2e1a1c,R-292,eaea34a14fc0a19f94dc4451e5ada37b2e14b864a3807e7aea859437d2732c5e,292,https://www.agenziaentrateriscossione.gov.it/it/il-gruppo/amministrazionetrasparente/consulentiCollaboratori/titolari-di-incarichi-di-collaborazione-o-consulenza/,R-292,bassa,Agenzia delle Entrate-Riscossione,esrsris,Avv. Tiziana Frongia,3,multi_incarico,3 patrocini distinti (rappresentanza in giudizio),2113.28,2522.00,n.d.,n.d.,2025-02-18,n.d.,2025-02-18–n.d. 2113.28; 2025-09-01–n.d. 3290.20; 2026-04-07–n.d. 2522.00,https://www.agenziaentrateriscossione.gov.it/it/il-gruppo/amministrazionetrasparente/consulentiCollaboratori/titolari-di-incarichi-di-collaborazione-o-consulenza/,nominativi-incarichi.tsv,"3 patrocini distinti AdER, non proroga di un retainer; importo_somma n.d.: totale di cluster non in AT (somma atti non pubblicata)"
row-54615529ac60c62983dfee91,R-293,b27e0f055ee74525f0e43c266b9d7507e274b66c629e51ee7a12137e002f79c3,293,https://www.cnr.it/it/trasparenza/incarichi-consulenza,R-293,bassa,CNR,cnr,Orvieto Leone Giulia,2,multi_incarico,2 oggetti; più frequente: incarichi di consulenza,4000.00,3816.79,n.d.,n.d.,2025-01-27,2026-04-14,2025-01-27–2025-04-27 4000.00; 2026-02-13–2026-04-14 3816.79,https://www.cnr.it/it/trasparenza/incarichi-consulenza,segnalazioni-card.tsv S-C8-1041 S-C8-1063,più incarichi distinti senza oggetto nominativo in card; importo_somma n.d.: totale di cluster non in AT (somma atti non pubblicata)
row-266aeeeef870f900ec0634b3,R-294,4163a2c8fb5f044314729033508bc77ec4783150663b42885a7644bd4b4fea18,294,https://www.iss.it/documents/20126/9028926/2025_2_13_incarichi_dipendenti_DFP00013055.csv,R-294,bassa,ISS,iss_rm,BORIONI ANNA,3,multi_incarico,3 oggetti; più frequente: commissioni settimanali ISS,2541.00,2600.00,n.d.,n.d.,2024-05-06,2024-11-28,2024-05-06–2024-05-10 2541.00; 2024-06-22–2024-06-26 2546.50; 2024-11-24–2024-11-28 2600.00,https://www.iss.it/documents/20126/9028926/2025_2_13_incarichi_dipendenti_DFP00013055.csv,segnalazioni-card.tsv S-C8-1664 S-C8-1665 S-C8-1666,"commissioni ISS seriali (gettoni/settimane), non un unico contratto; importo_somma n.d.: totale di cluster non in AT (somma atti non pubblicata)"
row-9c549ec5d0f395616b435b3e,R-295,2c399897f93ca47698e3ddd26c44915ae82f2e4c20a086935533db70c2096bc8,295,https://www.iss.it/documents/20126/9028926/2025_2_13_incarichi_dipendenti_DFP00013055.csv,R-295,bassa,ISS,iss_rm,DRAISCI ROSA,2,multi_incarico,2 oggetti; più frequente: commissioni settimanali ISS,4500.00,3000.00,n.d.,n.d.,2024-04-01,2024-08-31,2024-04-01–2024-06-30 4500.00; 2024-07-01–2024-08-31 3000.00,https://www.iss.it/documents/20126/9028926/2025_2_13_incarichi_dipendenti_DFP00013055.csv,segnalazioni-card.tsv S-C8-1656 S-C8-1662,"commissioni ISS seriali (gettoni/settimane), non un unico contratto; importo_somma n.d.: totale di cluster non in AT (somma atti non pubblicata)"
row-e40f7e57bd669f3ef3ebec14,R-296,f926df4f5efd72e1f9c73e5af5482e199d9ccdef8c34635a830231fcc4e27b76,296,https://www.cnr.it/it/trasparenza/incarichi-altre-tipologie,R-296,bassa,CNR,cnr,CANNELLA DAVIDE,3,multi_incarico,3 oggetti; più frequente: incarichi extra-ruolo / altre tipologie,1800.00,2000.00,n.d.,n.d.,2023-10-02,2025-09-04,2023-10-02–2024-02-01 1800.00; 2024-02-12–2024-09-11 3500.00; 2025-05-05–2025-09-04 2000.00,https://www.cnr.it/it/trasparenza/incarichi-altre-tipologie,segnalazioni-card.tsv S-C8-1102 S-C8-1276 S-C8-1310,più incarichi distinti senza oggetto nominativo in card; importo_somma n.d.: totale di cluster non in AT (somma atti non pubblicata)
row-1b882ae001d2bad6e6ab8e86,R-297,932afc5f87c1db32d00e0a8df77ecbe85616063456f419e82dd1035d176165ef,297,https://amministrazione-trasparente.ingv.it/web/trasparenza/pas/-/pas/igrid/10986,R-297,bassa,INGV,ingv,HUNER FIAMMETTA,2,multi_incarico,2 oggetti,5000.00,2300.00,n.d.,n.d.,n.d.,n.d.,n.d.–n.d. 5000.00; n.d.–n.d. 2300.00,https://amministrazione-trasparente.ingv.it/web/trasparenza/pas/-/pas/igrid/10986,segnalazioni-card.tsv S-C8-1978 S-C8-2051,più incarichi distinti senza oggetto nominativo in card; importo_somma n.d.: totale di cluster non in AT (somma atti non pubblicata)
row-01196aa49cb661641fb2fad7,R-298,e48ba8db573479c01a1dd16f3541d0e05bc233fbcea40417a557a5981b726ee0,298,https://amministrazione-trasparente.ingv.it/web/trasparenza/pas/-/pas/igrid/11068,R-298,bassa,INGV,ingv,BADIALI LUCIO,2,multi_incarico,2 oggetti,6389.00,826.40,n.d.,n.d.,n.d.,n.d.,n.d.–n.d. 6389.00; n.d.–n.d. 826.40,https://amministrazione-trasparente.ingv.it/web/trasparenza/pas/-/pas/igrid/11068,segnalazioni-card.tsv S-C8-1951 S-C8-2176 S-C8-1952,più incarichi distinti senza oggetto nominativo in card; importo_somma n.d.: totale di cluster non in AT (somma atti non pubblicata)
row-b528bfff23ea9b12b4284cc8,R-299,1a35d6c915568a4d3d16ea2ff4eb8771fed10e56c91af60f9e0fdc4c859dd9eb,299,https://www.cnr.it/it/trasparenza/incarichi-altre-tipologie,R-299,bassa,CNR,cnr,TRIVELLONE Valeria,2,multi_incarico,2 oggetti; più frequente: incarichi extra-ruolo / altre tipologie,3500.00,3500.00,n.d.,n.d.,2024-10-14,2025-10-03,2024-10-14–2024-10-25 3500.00; 2025-09-22–2025-10-03 3500.00,https://www.cnr.it/it/trasparenza/incarichi-altre-tipologie,segnalazioni-card.tsv S-C8-1120 S-C8-1121,"incarichi seriali di piccolo importo, non un unico contratto; importo_somma n.d.: totale di cluster non in AT (somma atti non pubblicata)"
row-f3fd3b2e60e2ababecba313b,R-300,899387ea0238683a5a1c6143113acdba9165f7c911f169ba93172b6ec5efa40c,300,https://trasparenza.ispettorato.gov.it/page/46/details/111029/dil-centro-affidamento-diretto-fuori-mepa-del-servizio-di-interpretariato-in-cinese-su-richiesta-del-comando-carabinieri-per-la-tutela-del-lavoro-gruppo-di-roma-per-lo-svolgimento-di-attivita-ispettiva-condotta-dal-nucleo-operativo-a-prato-e-provincia-finalizzata-al-contrasto-dellintermediazione-e-dello-sfruttamento-del-lavoro-nonche-del-favoreggiamento-dellimmigrazione-clandestina-nel-settore-manifatturiero.html,R-300,bassa,INL,inlavoro,Li Zhiyang,2,multi_incarico,2 oggetti,1750.00,5250.00,n.d.,n.d.,2026-07-15,2026-10-31,2026-07-15–2026-10-31 1750.00; 2026-08-12–2026-10-31 5250.00,https://trasparenza.ispettorato.gov.it/page/46/details/111029/dil-centro-affidamento-diretto-fuori-mepa-del-servizio-di-interpretariato-in-cinese-su-richiesta-del-comando-carabinieri-per-la-tutela-del-lavoro-gruppo-di-roma-per-lo-svolgimento-di-attivita-ispettiva-condotta-dal-nucleo-operativo-a-prato-e-provincia-finalizzata-al-contrasto-dellintermediazione-e-dello-sfruttamento-del-lavoro-nonche-del-favoreggiamento-dellimmigrazione-clandestina-nel-settore-manifatturiero.html,segnalazioni-card.tsv S-C3-115 S-C3-118,sezioni AT diverse (es. consulenza vs altre-tipologie); atti distinti; importo_somma n.d.: totale di cluster non in AT (somma atti non pubblicata)
row-22d889ead69cb2e3dd413b75,R-301,50fa3a54416ab6cc677f1be6bfe0b97e4a5f6719f0b38d53254bd218fdc621a2,301,https://www.amministrazionetrasparente.enea.it/consulenti-e-collaboratori.html,R-301,bassa,ENEA,eanln_rm,Aldo Giuliani,3,multi_incarico,decreto legge 6 luglio 2012 n,3000.00,900.00,n.d.,n.d.,2024-12-19,2027-01-06,2024-12-19–2025-12-18 3000.00; 2026-01-07–2027-01-06 3000.00; 2026-06-15–n.d. 900.00,https://www.amministrazionetrasparente.enea.it/consulenti-e-collaboratori.html,segnalazioni-card.tsv S-C8-1554 S-C8-1555 S-C8-1568,"incarichi seriali di piccolo importo, non un unico contratto; importo_somma n.d.: totale di cluster non in AT (somma atti non pubblicata)"
row-e56dba40fa131d6895050251,R-302,8cc8ede44029e23cc3eab952c7a278496bb1043df7a97c552849e71298bebcc6,302,https://www.iss.it/documents/20126/9028926/2025_2_13_incarichi_dipendenti_DFP00013055.csv,R-302,bassa,ISS,iss_rm,MORGIA PAOLO,9,multi_incarico,9 oggetti; più frequente: commissioni settimanali ISS,774.70,774.70,n.d.,n.d.,2024-02-19,2024-11-29,2024-02-19–2024-06-23 774.70; 2024-03-11–2024-03-15 774.70; 2024-04-08–2024-04-12 774.70; 2024-05-06–2024-05-10 774.70; 2024-06-17–2024-06-21 774.70; 2024-08-05–2024-08-08 619.76; 2024-09-08–2024-09-13 774.70; 2024-10-21–2024-10-25 774.70; 2024-11-25–2024-11-29 774.70,https://www.iss.it/documents/20126/9028926/2025_2_13_incarichi_dipendenti_DFP00013055.csv,segnalazioni-card.tsv S-C8-1711 S-C8-1712 S-C8-1713 S-C8-1714 S-C8-1715 S-C8-1717 S-C8-1718 S-C8-1719 S-C8-1744 S-C8-1716,"commissioni ISS seriali (gettoni/settimane), non un unico contratto; importo_somma n.d.: totale di cluster non in AT (somma atti non pubblicata)"
row-d7db0250d16cf8d4eebbc131,R-303,4bee8d9af46cfb1ddebf7d964b5c15771e61e4e408c185788023ce6dae9bdc5c,303,https://www.iss.it/documents/20126/9028926/2025_2_13_incarichi_dipendenti_DFP00013055.csv,R-303,bassa,ISS,iss_rm,FERRARI CINZIA,9,multi_incarico,9 oggetti; più frequente: commissioni settimanali ISS,774.70,619.76,n.d.,n.d.,2024-01-15,2024-12-05,2024-01-15–2024-01-19 774.70; 2024-02-26–2024-03-01 774.70; 2024-03-25–2024-03-29 774.70; 2024-05-13–2024-05-17 774.70; 2024-06-11–2024-06-14 619.76; 2024-09-16–2024-09-20 774.70; 2024-10-07–2024-10-11 774.70; 2024-11-18–2024-11-22 774.70; 2024-12-02–2024-12-05 619.76,https://www.iss.it/documents/20126/9028926/2025_2_13_incarichi_dipendenti_DFP00013055.csv,segnalazioni-card.tsv S-C8-1701 S-C8-1702 S-C8-1703 S-C8-1704 S-C8-1705 S-C8-1706 S-C8-1707 S-C8-1735 S-C8-1736,"commissioni ISS seriali (gettoni/settimane), non un unico contratto; importo_somma n.d.: totale di cluster non in AT (somma atti non pubblicata)"
row-dbaa7d454341e1057ed7c88c,R-304,9e8607c9ed172c21c222eabaa7e22ffb82ef39d8f543e59708fc271950b46d5f,304,https://www.cnr.it/it/trasparenza/incarichi-consulenza,R-304,bassa,CNR,cnr,DEL CHIARO BRUNO,2,multi_incarico,2 oggetti; più frequente: incarichi di consulenza,4000.00,2502.00,n.d.,n.d.,2023-04-21,2025-12-18,2023-04-21–2024-04-20 4000.00; 2024-12-19–2025-12-18 2502.00,https://www.cnr.it/it/trasparenza/incarichi-consulenza,segnalazioni-card.tsv S-C8-1032 S-C8-1202,più incarichi distinti senza oggetto nominativo in card; importo_somma n.d.: totale di cluster non in AT (somma atti non pubblicata)
row-7e42bcabeaad0e7e7d2a2675,R-305,9d65c18d72738bd613a00b650ef0f16be77713ec48fb3cd7e3f078f5cedc7394,305,https://www.iss.it/documents/20126/9028926/2025_2_13_incarichi_dipendenti_DFP00013055.csv,R-305,bassa,ISS,iss_rm,SBRENNI SERGIO,3,multi_incarico,3 oggetti; più frequente: commissioni settimanali ISS,1425.00,2700.00,n.d.,n.d.,2024-02-15,2026-07-28,2024-02-15–2024-02-16 1425.00; 2024-04-04–2024-04-05 1900.00; 2024-05-15–2026-07-28 2700.00,https://www.iss.it/documents/20126/9028926/2025_2_13_incarichi_dipendenti_DFP00013055.csv,segnalazioni-card.tsv S-C8-1663 S-C8-1675 S-C8-1679,"commissioni ISS seriali (gettoni/settimane), non un unico contratto; importo_somma n.d.: totale di cluster non in AT (somma atti non pubblicata)"
row-688523fa7d0eb5c8a753753e,R-306,96d9140072718c20d5def6f55244fa0e1efa3ea2ae80151ff0b4fdfbe734a529,306,https://amministrazione-trasparente.ingv.it/web/trasparenza/pas/-/pas/igrid/11068,R-306,bassa,INGV,ingv,BAILO DANIELE,4,multi_incarico,4 oggetti,2850.00,900.00,n.d.,n.d.,n.d.,n.d.,n.d.–n.d. 2850.00; n.d.–n.d. 1239.60; n.d.–n.d. 960.00; n.d.–n.d. 900.00,https://amministrazione-trasparente.ingv.it/web/trasparenza/pas/-/pas/igrid/11068,segnalazioni-card.tsv S-C8-2032 S-C8-2136 S-C8-2163 S-C8-2172,"incarichi seriali di piccolo importo, non un unico contratto; importo_somma n.d.: totale di cluster non in AT (somma atti non pubblicata)"
row-fdfec6d115adaefb1c31a64e,R-307,23e04b599ac104268cc2a10e4b7dd6f7dd6d9eb66a7cc783509983b709358a89,307,https://www.cnr.it/it/trasparenza/incarichi-consulenza,R-307,bassa,CNR,cnr,MARIANI IRENE,2,multi_incarico,2 oggetti; più frequente: incarichi di consulenza,3456.22,2300.00,n.d.,n.d.,2025-08-25,2025-10-24,2025-08-25–2025-10-24 3456.22; 2026-02-09–n.d. 2300.00,https://www.cnr.it/it/trasparenza/incarichi-consulenza,segnalazioni-card.tsv S-C8-1123 S-C8-1259,sezioni AT diverse (es. consulenza vs altre-tipologie); atti distinti; importo_somma n.d.: totale di cluster non in AT (somma atti non pubblicata)
row-f6d89de06a6bd900395c0ee7,R-308,a819fdd95e2d203b9dcd35cd628433356f926deb7235160e1e33f757414b5dcc,308,https://www.istitutoitalianonumismatica.it/trasparenza/,R-308,bassa,Istituto Italiano di Numismatica,SQ4C1NAN,Paolo Caldarone,2,multi_incarico,2 oggetti,2250.00,3500.00,n.d.,n.d.,2024-11-04,n.d.,2024-11-04–n.d. 2250.00; 2025-09-22–n.d. 3500.00,https://www.istitutoitalianonumismatica.it/trasparenza/,segnalazioni-card.tsv S-C8-2865 S-C8-2870,più incarichi distinti senza oggetto nominativo in card; importo_somma n.d.: totale di cluster non in AT (somma atti non pubblicata)
row-c2f666f91f707a3efe78bbaf,R-309,91faec26c8ad9e2c3c25c3edb7398353c81dd6885d827461aee01655eebbbdb5,309,https://www.cnr.it/it/trasparenza/incarichi-consulenza,R-309,bassa,CNR,cnr,Fulvio Coppola,3,multi_incarico,3 oggetti; più frequente: incarichi di consulenza,3000.00,900.00,n.d.,n.d.,2023-10-05,2025-10-04,2023-10-05–2025-10-04 3000.00; 2024-09-02–2025-07-01 1800.00; 2025-12-18–n.d. 900.00,https://www.cnr.it/it/trasparenza/incarichi-consulenza,segnalazioni-card.tsv S-C8-1148 S-C8-1312 S-C8-1395,"incarichi seriali di piccolo importo, non un unico contratto; importo_somma n.d.: totale di cluster non in AT (somma atti non pubblicata)"
row-5c2299fe25eed1066c4755e7,R-310,83f47aaabf823dc59bd86bc8f7d5af4b3bd6a3c25ebbf60780fcba0da18858ae,310,https://www.agcm.it/autorita-trasparente/personale/incarichi-conferiti-e-autorizzati-ai-dipendenti,R-310,bassa,Autorità Garante della Concorrenza e del Mercato,agcm_,LORENZO CLEMENTI,2,multi_incarico,DOCENZA,2800.00,2800.00,n.d.,n.d.,2026-03-31,n.d.,2026-03-31–n.d. 2800.00; 2026-06-30–n.d. 2800.00,https://www.agcm.it/autorita-trasparente/personale/incarichi-conferiti-e-autorizzati-ai-dipendenti,nominativi-incarichi.tsv,"incarichi seriali di piccolo importo, non un unico contratto; importo_somma n.d.: totale di cluster non in AT (somma atti non pubblicata)"
row-55de747661ab5ffa8edd697d,R-311,9885dd8e748196ec21ef5afdb44ed3563f9c97c42381db53fe8ec06d78833a46,311,https://amministrazione-trasparente.ingv.it/web/trasparenza/pas/-/pas/igrid/11068,R-311,bassa,INGV,ingv,GRASSO CARMINE,3,multi_incarico,3 oggetti,2520.00,1200.00,n.d.,n.d.,n.d.,n.d.,n.d.–n.d. 2520.00; n.d.–n.d. 1824.00; n.d.–n.d. 1200.00,https://amministrazione-trasparente.ingv.it/web/trasparenza/pas/-/pas/igrid/11068,segnalazioni-card.tsv S-C8-2042 S-C8-2085 S-C8-2145 S-C8-2146,"incarichi seriali di piccolo importo, non un unico contratto; importo_somma n.d.: totale di cluster non in AT (somma atti non pubblicata)"
row-0b5f14dcf6eeccb2bc979111,R-312,4d2fbaa87b36c4bfd8363dddbe077a23d0f6847e9a0aa17078469c6e82813431,312,https://www.iss.it/documents/20126/9028926/2025_2_13_incarichi_dipendenti_DFP00013055.csv,R-312,bassa,ISS,iss_rm,MARINO FRANCESCO,8,multi_incarico,8 oggetti; più frequente: commissioni settimanali ISS,619.76,619.76,n.d.,n.d.,2024-01-23,2024-12-13,2024-01-23–2024-01-26 619.76; 2024-02-19–2024-02-23 774.70; 2024-03-18–2024-03-22 774.70; 2024-05-05–2024-05-09 619.76; 2024-06-17–2024-06-20 619.76; 2024-09-09–2024-09-13 774.70; 2024-10-28–2024-10-31 619.76; 2024-12-10–2024-12-13 619.76,https://www.iss.it/documents/20126/9028926/2025_2_13_incarichi_dipendenti_DFP00013055.csv,segnalazioni-card.tsv S-C8-1708 S-C8-1709 S-C8-1710 S-C8-1739 S-C8-1740 S-C8-1741 S-C8-1742 S-C8-1743,"commissioni ISS seriali (gettoni/settimane), non un unico contratto; importo_somma n.d.: totale di cluster non in AT (somma atti non pubblicata)"
row-80aa6ee6710dc365964c3efa,R-313,7e73b221f1198707a4777685aa72c27e1700cef9d5afc70a0bc942128cd58371,313,https://www.cnr.it/it/trasparenza/incarichi-consulenza,R-313,bassa,CNR,cnr,ZAMPAR ANDREA,2,multi_incarico,2 oggetti; più frequente: incarichi di consulenza,3000.00,2403.85,n.d.,n.d.,2024-07-06,2025-11-30,2024-07-06–2024-07-31 3000.00; 2025-10-01–2025-11-30 2403.85,https://www.cnr.it/it/trasparenza/incarichi-consulenza,segnalazioni-card.tsv S-C8-1161 S-C8-1249,"incarichi seriali di piccolo importo, non un unico contratto; importo_somma n.d.: totale di cluster non in AT (somma atti non pubblicata)"
row-5d25f4ac0413ea2cb676e4f3,R-314,290764e18fa171fe3b182c1132aaa558fa6a60e2343659b43aaa357b5398f6b3,314,https://amministrazione-trasparente.ingv.it/web/trasparenza/pas/-/pas/igrid/11068,R-314,bassa,INGV,ingv,LAUCIANI VALENTINO,4,multi_incarico,4 oggetti,2066.00,100.00,n.d.,n.d.,n.d.,n.d.,n.d.–n.d. 2066.00; n.d.–n.d. 1575.68; n.d.–n.d. 1549.50; n.d.–n.d. 100.00,https://amministrazione-trasparente.ingv.it/web/trasparenza/pas/-/pas/igrid/11068,segnalazioni-card.tsv S-C8-2057 S-C8-2116 S-C8-2119 S-C8-2315,"incarichi seriali di piccolo importo, non un unico contratto; importo_somma n.d.: totale di cluster non in AT (somma atti non pubblicata)"
row-53b451359102a8e7f985721c,R-315,961008d5cf8a447eda37020b7ac6d2fae0a578a531a8fb5f220903a2d281de8f,315,https://www.cnr.it/it/trasparenza/incarichi-consulenza,R-315,bassa,CNR,cnr,PLESOIU SILVIU ROBERT,2,multi_incarico,2 oggetti; più frequente: incarichi di consulenza,2500.00,2752.00,n.d.,n.d.,2024-05-22,2026-04-19,2024-05-22–2024-05-31 2500.00; 2026-03-30–2026-04-19 2752.00,https://www.cnr.it/it/trasparenza/incarichi-consulenza,segnalazioni-card.tsv S-C8-1186 S-C8-1237,"incarichi seriali di piccolo importo, non un unico contratto; importo_somma n.d.: totale di cluster non in AT (somma atti non pubblicata)"
row-12e5d2d2b2671e2591e43283,R-316,8b57320d5c76c2e87c3335ef32b08b4f8b6ad51597afd78ffa358de787ef7fbf,316,https://amministrazionetrasparente.anvur.it/pagina61_titolari-di-incarichi-di-collaborazione-o-consulenza.html,R-316,bassa,Agenzia Nazionale di Valutazione del Sistema Universitario e della Ricerca,anvsu_rm,Menga Samuel,2,multi_incarico,2 oggetti; più frequente: Esperto AFAM,3000.00,2000.00,n.d.,n.d.,2026-02-23,n.d.,2026-02-23–n.d. 3000.00; 2026-06-24–n.d. 2000.00,https://amministrazionetrasparente.anvur.it/pagina61_titolari-di-incarichi-di-collaborazione-o-consulenza.html,nominativi-incarichi.tsv,"incarichi seriali di piccolo importo, non un unico contratto; importo_somma n.d.: totale di cluster non in AT (somma atti non pubblicata)"
row-b529912d7185678b8b941680,R-317,df672c6de9bb67cad5a42bee703ef3b577dd11907951f42988db27810a216af3,317,https://amministrazionetrasparente.anvur.it/pagina61_titolari-di-incarichi-di-collaborazione-o-consulenza.html,R-317,bassa,Agenzia Nazionale di Valutazione del Sistema Universitario e della Ricerca,anvsu_rm,Pulignano Ernesto,2,multi_incarico,2 oggetti; più frequente: Esperto AFAM,3000.00,2000.00,n.d.,n.d.,2026-02-23,n.d.,2026-02-23–n.d. 3000.00; 2026-03-06–n.d. 2000.00,https://amministrazionetrasparente.anvur.it/pagina61_titolari-di-incarichi-di-collaborazione-o-consulenza.html,nominativi-incarichi.tsv,"incarichi seriali di piccolo importo, non un unico contratto; importo_somma n.d.: totale di cluster non in AT (somma atti non pubblicata)"
row-b1bf795637d09d5f0ddee591,R-318,dc7e538147534b5a5599a94a9f13d3d3022dcbe1a6a1177d04965c4dbd0016b9,318,https://amministrazione-trasparente.ingv.it/web/trasparenza/pas/-/pas/igrid/11068,R-318,bassa,INGV,ingv,MARINO STEFANO,2,multi_incarico,2 oggetti,3000.00,2000.00,n.d.,n.d.,n.d.,n.d.,n.d.–n.d. 3000.00; n.d.–n.d. 2000.00,https://amministrazione-trasparente.ingv.it/web/trasparenza/pas/-/pas/igrid/11068,segnalazioni-card.tsv S-C8-2028 S-C8-2064 S-C8-2065 S-C8-2066,"incarichi seriali di piccolo importo, non un unico contratto; importo_somma n.d.: totale di cluster non in AT (somma atti non pubblicata)"
row-17ac216e2f98d296b33c9e3f,R-319,c777c4b59483ec90c10b218279e1ebba47f7231e271b380642f4899fdb1b0253,319,https://amministrazione-trasparente.ingv.it/web/trasparenza/pas/-/pas/igrid/10986,R-319,bassa,INGV,ingv,ZIDARICH Silvia,2,multi_incarico,2 oggetti,2700.00,2300.00,n.d.,n.d.,n.d.,n.d.,n.d.–n.d. 2700.00; n.d.–n.d. 2300.00,https://amministrazione-trasparente.ingv.it/web/trasparenza/pas/-/pas/igrid/10986,segnalazioni-card.tsv S-C8-2041 S-C8-2052,"incarichi seriali di piccolo importo, non un unico contratto; importo_somma n.d.: totale di cluster non in AT (somma atti non pubblicata)"
row-e8c5042ef68076dd63663c5d,R-320,597c3140d81d9eee25174428f3a26d5c8fa915d0fde49f3306624cb7ba651ad4,320,https://www.iss.it/documents/20126/9028926/2025_2_13_incarichi_dipendenti_DFP00013055.csv,R-320,bassa,ISS,iss_rm,POPOLI PATRIZIA,2,multi_incarico,2 oggetti; più frequente: commissioni settimanali ISS,2500.00,2500.00,n.d.,n.d.,2024-06-03,2024-12-31,2024-06-03–2024-09-30 2500.00; 2024-10-15–2024-12-31 2500.00,https://www.iss.it/documents/20126/9028926/2025_2_13_incarichi_dipendenti_DFP00013055.csv,segnalazioni-card.tsv S-C8-1668 S-C8-1669,"commissioni ISS seriali (gettoni/settimane), non un unico contratto; importo_somma n.d.: totale di cluster non in AT (somma atti non pubblicata)"
row-a65f487ecb10ee33f7dabe3f,R-321,8badf6fae33cfc09fc4b7d5be0222983b22663ccddd5448a0f59965b3897eaa5,321,https://www.cnr.it/it/trasparenza/incarichi-consulenza,R-321,bassa,CNR,cnr,D'ANDREA FEDERICA,2,multi_incarico,2 oggetti; più frequente: incarichi di consulenza,1400.00,3594.47,n.d.,n.d.,2024-06-07,2026-02-23,2024-06-07–2024-12-06 1400.00; 2025-02-24–2026-02-23 3594.47,https://www.cnr.it/it/trasparenza/incarichi-consulenza,segnalazioni-card.tsv S-C8-1097 S-C8-1338,sezioni AT diverse (es. consulenza vs altre-tipologie); atti distinti; importo_somma n.d.: totale di cluster non in AT (somma atti non pubblicata)
row-723ad93721f3acb0bfbecbe6,R-322,1cf49609b981c717c4f593e9fc44e9550f08fee00bf8fd8fc6e881a708875852,322,https://amministrazione-trasparente.ingv.it/web/trasparenza/pas/-/pas/igrid/11068,R-322,bassa,INGV,ingv,CANGEMI MARIANNA,3,multi_incarico,3 oggetti,1800.00,1450.00,n.d.,n.d.,n.d.,n.d.,n.d.–n.d. 1800.00; n.d.–n.d. 1680.00; n.d.–n.d. 1450.00,https://amministrazione-trasparente.ingv.it/web/trasparenza/pas/-/pas/igrid/11068,segnalazioni-card.tsv S-C8-2090 S-C8-2105 S-C8-2128 S-C8-2091 S-C8-2106,"incarichi seriali di piccolo importo, non un unico contratto; importo_somma n.d.: totale di cluster non in AT (somma atti non pubblicata)"
row-6f8849ca899097c820e091e7,R-323,0879bf6764fb9f7489d677a7a4407b73165e459acea372bc89fb9cbcc48f0ce3,323,https://www.iss.it/documents/20126/9028926/2025_2_13_incarichi_dipendenti_DFP00013055.csv,R-323,bassa,ISS,iss_rm,SIGNORETTI CLAUDIA,7,multi_incarico,7 oggetti; più frequente: commissioni settimanali ISS,774.70,619.76,n.d.,n.d.,2024-01-30,2024-11-22,2024-01-30–2024-02-05 774.70; 2024-02-26–2024-03-01 774.70; 2024-04-08–2024-04-11 619.76; 2024-05-13–2024-05-17 774.70; 2024-09-10–2024-09-13 619.76; 2024-10-14–2024-10-17 619.76; 2024-11-19–2024-11-22 619.76,https://www.iss.it/documents/20126/9028926/2025_2_13_incarichi_dipendenti_DFP00013055.csv,segnalazioni-card.tsv S-C8-1723 S-C8-1724 S-C8-1725 S-C8-1746 S-C8-1747 S-C8-1748 S-C8-1749,"commissioni ISS seriali (gettoni/settimane), non un unico contratto; importo_somma n.d.: totale di cluster non in AT (somma atti non pubblicata)"
row-5b235c374410fafe58323557,R-324,0f4f465ca86e9e835b6640c87a75a4d65c5ad58d4721149a0eb753ecc5b0fb89,324,https://www.cnr.it/it/trasparenza/incarichi-consulenza,R-324,bassa,CNR,cnr,Tomassi Franco,2,multi_incarico,2 oggetti; più frequente: incarichi di consulenza,3048.00,1538.46,n.d.,n.d.,2024-01-08,2025-09-03,2024-01-08–2024-11-03 3048.00; 2025-06-05–2025-09-03 1538.46,https://www.cnr.it/it/trasparenza/incarichi-consulenza,segnalazioni-card.tsv S-C8-1140 S-C8-1325,sezioni AT diverse (es. consulenza vs altre-tipologie); atti distinti; importo_somma n.d.: totale di cluster non in AT (somma atti non pubblicata)
row-103e99d1e5a74fb9b42a9ef4,R-325,29fb32d1d17c5bb4a1a8284bc38d07b682d205c7859c7a0f4bab6fe8fcb04433,325,https://amministrazione-trasparente.ingv.it/web/trasparenza/pas/-/pas/igrid/11068,R-325,bassa,INGV,ingv,LORITO STEFANO,2,multi_incarico,2 oggetti,2500.00,2000.00,n.d.,n.d.,n.d.,n.d.,n.d.–n.d. 2500.00; n.d.–n.d. 2000.00,https://amministrazione-trasparente.ingv.it/web/trasparenza/pas/-/pas/igrid/11068,segnalazioni-card.tsv S-C8-2044 S-C8-2063,"incarichi seriali di piccolo importo, non un unico contratto; importo_somma n.d.: totale di cluster non in AT (somma atti non pubblicata)"
row-cc1ba8d99705e139331d2020,R-326,f4fce5ba57cfdc7c4d651f42d2acb086e452a5033ae7daa498da9b54608eb1eb,326,https://www.cnr.it/it/trasparenza/incarichi-altre-tipologie,R-326,bassa,CNR,cnr,PISANO ANTONELLA,3,multi_incarico,3 oggetti; più frequente: incarichi extra-ruolo / altre tipologie,760.00,1850.00,n.d.,n.d.,2023-11-20,2025-06-03,2023-11-20–2024-01-20 760.00; 2024-05-15–2024-08-15 1850.00; 2025-03-03–2025-06-03 1850.00,https://www.cnr.it/it/trasparenza/incarichi-altre-tipologie,segnalazioni-card.tsv S-C8-1299 S-C8-1300 S-C8-1413,"incarichi seriali di piccolo importo, non un unico contratto; importo_somma n.d.: totale di cluster non in AT (somma atti non pubblicata)"
row-a3a9f0c53e1162432285a681,R-327,b238ea70ae4a421ca12c8cfa5a99f89703ef7211ddc2252745e48732467e0817,327,https://garanteprivacy.portaleamministrazionetrasparente.it/pagina59_incarichi-conferiti-e-autorizzati-ai-dipendenti-dirigenti-e-non-dirigenti.html,R-327,bassa,Garante per la protezione dei dati personali,gpdp,Cioffi Fausto,2,multi_incarico,2 oggetti; più frequente: Assistente alla didattica - Informatica giuridica e diritto dell'informazione tecnologica,1425.00,2850.00,n.d.,n.d.,2025-09-15,n.d.,2025-09-15–n.d. 1425.00; 2025-11-01–n.d. 2850.00,https://garanteprivacy.portaleamministrazionetrasparente.it/pagina59_incarichi-conferiti-e-autorizzati-ai-dipendenti-dirigenti-e-non-dirigenti.html,nominativi-incarichi.tsv,"incarichi seriali di piccolo importo, non un unico contratto; importo_somma n.d.: totale di cluster non in AT (somma atti non pubblicata)"
row-3f95381e328a836f22b1bafa,R-328,9b7ac8bbfe56c12f24d4a418a7a933b74f269553c6c9a8d8d119b7418c85f87e,328,https://www.iss.it/documents/20126/9028926/2025_2_13_incarichi_dipendenti_DFP00013055.csv,R-328,bassa,ISS,iss_rm,CAFORIO MARIA PIA,6,multi_incarico,6 oggetti; più frequente: commissioni settimanali ISS,619.76,774.70,n.d.,n.d.,2024-03-25,2024-12-13,2024-03-25–2024-03-28 619.76; 2024-05-20–2024-05-24 774.70; 2024-06-17–2024-06-21 774.70; 2024-09-10–2024-09-13 619.76; 2024-10-08–2024-10-11 619.76; 2024-12-09–2024-12-13 774.70,https://www.iss.it/documents/20126/9028926/2025_2_13_incarichi_dipendenti_DFP00013055.csv,segnalazioni-card.tsv S-C8-1698 S-C8-1699 S-C8-1700 S-C8-1730 S-C8-1731 S-C8-1732,"commissioni ISS seriali (gettoni/settimane), non un unico contratto; importo_somma n.d.: totale di cluster non in AT (somma atti non pubblicata)"
row-d18b744c1c9f5a94b986c4c8,R-329,81f07baf465bb29cdfab563f5aec07add9fb886f64ed67602792f69173ffd734,329,https://www.cnr.it/it/trasparenza/incarichi-consulenza,R-329,bassa,CNR,cnr,Csanyi Gabor,2,multi_incarico,2 oggetti; più frequente: incarichi di consulenza,2000.00,2000.00,n.d.,n.d.,2024-03-22,2025-09-22,2024-03-22–2024-03-28 2000.00; 2025-09-15–2025-09-22 2000.00,https://www.cnr.it/it/trasparenza/incarichi-consulenza,segnalazioni-card.tsv S-C8-1278 S-C8-1279,"incarichi seriali di piccolo importo, non un unico contratto; importo_somma n.d.: totale di cluster non in AT (somma atti non pubblicata)"
row-456c6264deeaf622c6589081,R-330,8cec4ae7d8aee5f90f2b017c6e394f695c13c0735a0109102db43e81376632f9,330,http://www.inaf.it/it/amministrazione-trasparente/consulenti-e-collaboratori/incarichi/Consulenze%20e%20collaborazioni%202024%20aggiornato%20al%2030-5-2025.ods,R-330,bassa,INAF,inaf_rm,SANTARELLI Cinzia,2,multi_incarico,2 oggetti,1984.80,1982.00,n.d.,n.d.,2024-03-04,n.d.,2024-03-04–n.d. 1984.80; 2024-03-04–n.d. 1982.00,http://www.inaf.it/it/amministrazione-trasparente/consulenti-e-collaboratori/incarichi/Consulenze%20e%20collaborazioni%202024%20aggiornato%20al%2030-5-2025.ods,segnalazioni-card.tsv S-C8-2071 S-C8-2073,"incarichi seriali di piccolo importo, non un unico contratto; importo_somma n.d.: totale di cluster non in AT (somma atti non pubblicata)"
row-88976d0ff533bbff957dff11,R-331,7f822117d23514b469d393f9a885c80ed4206e2d3be7c62a0a181fd12072d717,331,https://www.agcm.it/autorita-trasparente/personale/incarichi-conferiti-e-autorizzati-ai-dipendenti,R-331,bassa,Autorità Garante della Concorrenza e del Mercato,agcm_,MASSIMO ANZALONE,2,multi_incarico,DOCENZA,2500.00,1400.00,n.d.,n.d.,2026-03-31,n.d.,2026-03-31–n.d. 2500.00; 2026-06-30–n.d. 1400.00,https://www.agcm.it/autorita-trasparente/personale/incarichi-conferiti-e-autorizzati-ai-dipendenti,nominativi-incarichi.tsv,"incarichi seriali di piccolo importo, non un unico contratto; importo_somma n.d.: totale di cluster non in AT (somma atti non pubblicata)"
row-4796ec41b30870a8592646c4,R-332,b60f59b98b5e08bece2e6b85758628e20eec63cf805bd8e7169262ad4a83be33,332,https://www.agenziaentrateriscossione.gov.it/it/il-gruppo/amministrazionetrasparente/consulentiCollaboratori/titolari-di-incarichi-di-collaborazione-o-consulenza/,R-332,bassa,Agenzia delle Entrate-Riscossione,esrsris,Avv. Maurizio Cimetti,2,multi_incarico,2 patrocini distinti (rappresentanza in giudizio),2910.00,956.80,n.d.,n.d.,2025-10-28,n.d.,2025-10-28–n.d. 2910.00; 2026-05-27–n.d. 956.80,https://www.agenziaentrateriscossione.gov.it/it/il-gruppo/amministrazionetrasparente/consulentiCollaboratori/titolari-di-incarichi-di-collaborazione-o-consulenza/,nominativi-incarichi.tsv,"2 patrocini distinti AdER, non proroga di un retainer; importo_somma n.d.: totale di cluster non in AT (somma atti non pubblicata)"
row-8f3d5c937fd70e3aa9a4e5ff,R-333,853eddd4839190796c3d696461caac874e53657c8e48a1b11a9c528c0ded9146,333,https://amministrazionetrasparente.anvur.it/pagina61_titolari-di-incarichi-di-collaborazione-o-consulenza.html,R-333,bassa,Agenzia Nazionale di Valutazione del Sistema Universitario e della Ricerca,anvsu_rm,Francesco Martines,2,multi_incarico,2 oggetti; più frequente: Esperto della Valutazione dei nuovi corsi di dottorato,2000.00,1700.00,n.d.,n.d.,2026-03-12,n.d.,2026-03-12–n.d. 2000.00; 2026-06-26–n.d. 1700.00,https://amministrazionetrasparente.anvur.it/pagina61_titolari-di-incarichi-di-collaborazione-o-consulenza.html,nominativi-incarichi.tsv,"incarichi seriali di piccolo importo, non un unico contratto; importo_somma n.d.: totale di cluster non in AT (somma atti non pubblicata)"
row-2ae13232a7336f27b74be181,R-334,6808a84a6195763d04666c4c43aba33ab652c43ed5cd1dd5026293b910f3193e,334,https://www.iss.it/documents/20126/9028926/2025_2_13_incarichi_dipendenti_DFP00013055.csv,R-334,bassa,ISS,iss_rm,PETRINI CARLO MARIA,2,multi_incarico,2 oggetti; più frequente: commissioni settimanali ISS,10.00,3600.00,n.d.,n.d.,2024-10-25,2028-12-31,2024-10-25–2027-10-25 10.00; 2025-01-15–2028-12-31 3600.00,https://www.iss.it/documents/20126/9028926/2025_2_13_incarichi_dipendenti_DFP00013055.csv,segnalazioni-card.tsv S-C8-1659 S-C8-1778,"commissioni ISS seriali (gettoni/settimane), non un unico contratto; importo_somma n.d.: totale di cluster non in AT (somma atti non pubblicata)"
row-3636fd3fa07933af44bcfb1f,R-335,41463638301e1715c421598401e756326f6ea48d790406abcaaf820e26798d20,335,https://amministrazione-trasparente.ingv.it/web/trasparenza/pas/-/pas/igrid/11068,R-335,bassa,INGV,ingv,MADONIA PAOLO,4,multi_incarico,4 oggetti,1000.00,750.00,n.d.,n.d.,n.d.,n.d.,n.d.–n.d. 1000.00; n.d.–n.d. 960.00; n.d.–n.d. 840.00; n.d.–n.d. 750.00,https://amministrazione-trasparente.ingv.it/web/trasparenza/pas/-/pas/igrid/11068,segnalazioni-card.tsv S-C8-2158 S-C8-2165 S-C8-2175 S-C8-2188 S-C8-2159,"incarichi seriali di piccolo importo, non un unico contratto; importo_somma n.d.: totale di cluster non in AT (somma atti non pubblicata)"
row-d4850f38f45adf858381fd16,R-336,91373af949cb881098a854516d600d0ee6a1d3b6683f9d735e5edaadbc0f1031,336,http://www.inaf.it/it/amministrazione-trasparente/consulenti-e-collaboratori/incarichi/Consulenze%20e%20collaborazioni%202024%20aggiornato%20al%2030-5-2025.ods,R-336,bassa,INAF,inaf_rm,TURATTO Massimo,2,multi_incarico,2 oggetti,1762.00,1761.00,n.d.,n.d.,2024-03-13,n.d.,2024-03-13–n.d. 1762.00; 2024-03-13–n.d. 1761.00,http://www.inaf.it/it/amministrazione-trasparente/consulenti-e-collaboratori/incarichi/Consulenze%20e%20collaborazioni%202024%20aggiornato%20al%2030-5-2025.ods,segnalazioni-card.tsv S-C8-2099 S-C8-2100,"incarichi seriali di piccolo importo, non un unico contratto; importo_somma n.d.: totale di cluster non in AT (somma atti non pubblicata)"
row-77b3fc5d342059947532e91e,R-337,c44ee1988b56afef31fc8d596a4ab1d6391d18a935ffa578e995af4b7b76b330,337,https://www.cnr.it/it/trasparenza/incarichi-altre-tipologie,R-337,bassa,CNR,cnr,REZZAN MARGOT,2,multi_incarico,2 oggetti; più frequente: incarichi extra-ruolo / altre tipologie,2300.00,1150.00,n.d.,n.d.,2024-09-16,2025-02-15,2024-09-16–2025-02-15 2300.00; 2025-01-01–2025-02-15 1150.00,https://www.cnr.it/it/trasparenza/incarichi-altre-tipologie,segnalazioni-card.tsv S-C8-1261 S-C8-1358,"incarichi seriali di piccolo importo, non un unico contratto; importo_somma n.d.: totale di cluster non in AT (somma atti non pubblicata)"
row-9ae0ed062028621e24d8dfb3,R-338,a2b7ccb7a838dcff4c1541a3841fdca72110c41f7e0f8df82b1be6850caba5ee,338,https://www.iss.it/documents/20126/9028926/2025_2_13_incarichi_dipendenti_DFP00013055.csv,R-338,bassa,ISS,iss_rm,RODOMONTE ANDREA LUCA,5,multi_incarico,5 oggetti; più frequente: commissioni settimanali ISS,774.70,774.70,n.d.,n.d.,2024-01-22,2024-11-29,2024-01-22–2024-01-26 774.70; 2024-03-18–2024-03-22 774.70; 2024-05-27–2024-05-29 464.82; 2024-10-28–2024-10-31 619.76; 2024-11-25–2024-11-29 774.70,https://www.iss.it/documents/20126/9028926/2025_2_13_incarichi_dipendenti_DFP00013055.csv,segnalazioni-card.tsv S-C8-1720 S-C8-1721 S-C8-1722 S-C8-1745 S-C8-1756,"commissioni ISS seriali (gettoni/settimane), non un unico contratto; importo_somma n.d.: totale di cluster non in AT (somma atti non pubblicata)"
row-f91147ff1fe3abbfddca3a93,R-339,45473f879444234a0ff625b87f787eb2e3c748bb26387cd8c9aa4fdfe8e26d1c,339,https://www.agcm.it/autorita-trasparente/personale/incarichi-conferiti-e-autorizzati-ai-dipendenti,R-339,bassa,Autorità Garante della Concorrenza e del Mercato,agcm_,ENRICO LABELLA,2,multi_incarico,DOCENZA,875.00,2490.00,n.d.,n.d.,2026-03-31,n.d.,2026-03-31–n.d. 875.00; 2026-06-30–n.d. 2490.00,https://www.agcm.it/autorita-trasparente/personale/incarichi-conferiti-e-autorizzati-ai-dipendenti,nominativi-incarichi.tsv,"incarichi seriali di piccolo importo, non un unico contratto; importo_somma n.d.: totale di cluster non in AT (somma atti non pubblicata)"
row-3cf51523a96be5242ff7d26b,R-340,946ae7e99603aaeba1cc955587302e0dd51107d08e9ad01ce1ff72e41e8863b0,340,https://amministrazione-trasparente.ingv.it/web/trasparenza/pas/-/pas/igrid/11068,R-340,bassa,INGV,ingv,RUSSO Emiliano,3,multi_incarico,3 oggetti,2500.00,350.00,n.d.,n.d.,n.d.,n.d.,n.d.–n.d. 2500.00; n.d.–n.d. 500.00; n.d.–n.d. 350.00,https://amministrazione-trasparente.ingv.it/web/trasparenza/pas/-/pas/igrid/11068,segnalazioni-card.tsv S-C8-2045 S-C8-2238 S-C8-2263,"incarichi seriali di piccolo importo, non un unico contratto; importo_somma n.d.: totale di cluster non in AT (somma atti non pubblicata)"
row-24092db696d490c068d4ff85,R-341,40e4f72dbdccdc4b7dd41d95fad36b3d2016c75be5576247ffd825851f94a15f,341,https://amministrazione-trasparente.ingv.it/web/trasparenza/pas/-/pas/igrid/11068,R-341,bassa,INGV,ingv,CERMINARA MATTEO,3,multi_incarico,3 oggetti,1760.00,680.00,n.d.,n.d.,n.d.,n.d.,n.d.–n.d. 1760.00; n.d.–n.d. 880.00; n.d.–n.d. 680.00,https://amministrazione-trasparente.ingv.it/web/trasparenza/pas/-/pas/igrid/11068,segnalazioni-card.tsv S-C8-2102 S-C8-2173 S-C8-2198,"incarichi seriali di piccolo importo, non un unico contratto; importo_somma n.d.: totale di cluster non in AT (somma atti non pubblicata)"
row-08b00d826a94928922ccc14a,R-342,7a4db4a215fdeb7cf44a3cac44546ead3d9b5613851664348f3873128fbb8673,342,https://amministrazionetrasparente.anvur.it/pagina61_titolari-di-incarichi-di-collaborazione-o-consulenza.html,R-342,bassa,Agenzia Nazionale di Valutazione del Sistema Universitario e della Ricerca,anvsu_rm,Patrizia Santi,2,multi_incarico,2 oggetti; più frequente: Esperto della Valutazione dei nuovi corsi di dottorato,2000.00,1300.00,n.d.,n.d.,2026-03-27,n.d.,2026-03-27–n.d. 2000.00; 2026-06-26–n.d. 1300.00,https://amministrazionetrasparente.anvur.it/pagina61_titolari-di-incarichi-di-collaborazione-o-consulenza.html,nominativi-incarichi.tsv,"incarichi seriali di piccolo importo, non un unico contratto; importo_somma n.d.: totale di cluster non in AT (somma atti non pubblicata)"
row-33cb9e7821cb128364c6ba2c,R-343,75e30de31f90c224f74ca9f89ed1f426e0cb74b0c1b7b67059017359f431162b,343,https://www.iss.it/documents/20126/9028926/2025_2_13_incarichi_dipendenti_DFP00013055.csv,R-343,bassa,ISS,iss_rm,ANTONIELLA ELEONORA,5,multi_incarico,5 oggetti; più frequente: commissioni settimanali ISS,619.76,774.70,n.d.,n.d.,2024-01-23,2024-11-29,2024-01-23–2024-01-26 619.76; 2024-03-18–2024-03-22 774.70; 2024-05-27–2024-05-29 464.82; 2024-10-28–2024-10-31 619.76; 2024-11-25–2024-11-29 774.70,https://www.iss.it/documents/20126/9028926/2025_2_13_incarichi_dipendenti_DFP00013055.csv,segnalazioni-card.tsv S-C8-1695 S-C8-1696 S-C8-1726 S-C8-1727 S-C8-1754,"commissioni ISS seriali (gettoni/settimane), non un unico contratto; importo_somma n.d.: totale di cluster non in AT (somma atti non pubblicata)"
row-2a64ca89ae68a95ce4c18735,R-344,08783ddfe6522ca4381c89b21112493713c76b160326875a17f22f098d35de66,344,https://amministrazione-trasparente.ingv.it/web/trasparenza/pas/-/pas/igrid/11068,R-344,bassa,INGV,ingv,FRANCESCHI DIEGO,2,multi_incarico,2 oggetti,1652.80,1549.50,n.d.,n.d.,n.d.,n.d.,n.d.–n.d. 1652.80; n.d.–n.d. 1549.50,https://amministrazione-trasparente.ingv.it/web/trasparenza/pas/-/pas/igrid/11068,segnalazioni-card.tsv S-C8-2107 S-C8-2118,"incarichi seriali di piccolo importo, non un unico contratto; importo_somma n.d.: totale di cluster non in AT (somma atti non pubblicata)"
row-10f85571b65a2234ad57a5c0,R-345,69d9091a67c19c5b9ff577a06375e245c6d1c2103b06dfd017b933115cda77c2,345,https://amministrazione-trasparente.ingv.it/web/trasparenza/pas/-/pas/igrid/11068,R-345,bassa,INGV,ingv,PIGNONE MAURIZIO,4,multi_incarico,4 oggetti,2370.00,125.00,n.d.,n.d.,n.d.,n.d.,n.d.–n.d. 2370.00; n.d.–n.d. 464.85; n.d.–n.d. 160.00; n.d.–n.d. 125.00,https://amministrazione-trasparente.ingv.it/web/trasparenza/pas/-/pas/igrid/11068,segnalazioni-card.tsv S-C8-2049 S-C8-2245 S-C8-2300 S-C8-2307 S-C8-2301 S-C8-2308,"incarichi seriali di piccolo importo, non un unico contratto; importo_somma n.d.: totale di cluster non in AT (somma atti non pubblicata)"
row-535ef823446f9328cfe50b07,R-346,9138a23c44130f3743e597620bfc6d455659930e7a479da23fd3a3b589b87a7b,346,https://amministrazione-trasparente.ingv.it/web/trasparenza/pas/-/pas/igrid/11068,R-346,bassa,INGV,ingv,CAPPELLO Annalisa,3,multi_incarico,3 oggetti,2240.00,214.00,n.d.,n.d.,n.d.,n.d.,n.d.–n.d. 2240.00; n.d.–n.d. 600.00; n.d.–n.d. 214.00,https://amministrazione-trasparente.ingv.it/web/trasparenza/pas/-/pas/igrid/11068,segnalazioni-card.tsv S-C8-2053 S-C8-2214 S-C8-2289,"incarichi seriali di piccolo importo, non un unico contratto; importo_somma n.d.: totale di cluster non in AT (somma atti non pubblicata)"
row-108d83b574cb2c6b5ec11bc0,R-347,6b68f80f9a1fdbd047abdaf47f94d4665b627f292d2076c9403edb6312342b41,347,https://www.istitutoitalianonumismatica.it/trasparenza/,R-347,bassa,Istituto Italiano di Numismatica,SQ4C1NAN,Claudia Devoto,2,multi_incarico,2 oggetti,1500.00,1500.00,n.d.,n.d.,2024-07-30,n.d.,2024-07-30–n.d. 1500.00; 2025-09-15–n.d. 1500.00,https://www.istitutoitalianonumismatica.it/trasparenza/,segnalazioni-card.tsv S-C8-2863 S-C8-2869,"incarichi seriali di piccolo importo, non un unico contratto; importo_somma n.d.: totale di cluster non in AT (somma atti non pubblicata)"
row-88af7d9e22847e5078aef793,R-348,5d708100c2dadbb9425d2548db64997fe9b1b1271fa166f84fe89257f2145d58,348,https://www.iss.it/documents/20126/9028926/2025_2_13_incarichi_dipendenti_DFP00013055.csv,R-348,bassa,ISS,iss_rm,BELLOMO GUIDO,3,multi_incarico,3 oggetti; più frequente: commissioni settimanali ISS,2030.00,506.60,n.d.,n.d.,2024-06-20,2025-01-01,2024-06-20–2024-12-31 2030.00; 2024-09-06–2024-09-08 410.00; 2024-12-31–2025-01-01 506.60,https://www.iss.it/documents/20126/9028926/2025_2_13_incarichi_dipendenti_DFP00013055.csv,segnalazioni-card.tsv S-C8-1671 S-C8-1751 S-C8-1759,"commissioni ISS seriali (gettoni/settimane), non un unico contratto; importo_somma n.d.: totale di cluster non in AT (somma atti non pubblicata)"
row-6cd21f7b23945e0ebf74b438,R-349,93c3c3688e6e50027f1b34e4475c14cbac400f50915808fd2acc439bd67a2d8a,349,https://amministrazionetrasparente.anvur.it/pagina61_titolari-di-incarichi-di-collaborazione-o-consulenza.html,R-349,bassa,Agenzia Nazionale di Valutazione del Sistema Universitario e della Ricerca,anvsu_rm,Antonella Poce,2,multi_incarico,2 oggetti; più frequente: Esperto della Valutazione dei nuovi corsi di dottorato,2000.00,900.00,n.d.,n.d.,2026-02-27,n.d.,2026-02-27–n.d. 2000.00; 2026-06-26–n.d. 900.00,https://amministrazionetrasparente.anvur.it/pagina61_titolari-di-incarichi-di-collaborazione-o-consulenza.html,nominativi-incarichi.tsv,"incarichi seriali di piccolo importo, non un unico contratto; importo_somma n.d.: totale di cluster non in AT (somma atti non pubblicata)"
row-9b546c2347cc4bd4815b9397,R-350,ddb3aaed4f3cc5301e94cb8752182a3462df27c0bda8be1e117917165f8a2d07,350,https://www.cnr.it/it/trasparenza/incarichi-altre-tipologie,R-350,bassa,CNR,cnr,BOUZROUD SARAH,2,multi_incarico,2 oggetti; più frequente: incarichi extra-ruolo / altre tipologie,320.00,2500.00,n.d.,n.d.,2024-06-10,2025-06-20,2024-06-10–2024-06-16 320.00; 2025-05-15–2025-06-20 2500.00,https://www.cnr.it/it/trasparenza/incarichi-altre-tipologie,segnalazioni-card.tsv S-C8-1207 S-C8-1468,"incarichi seriali di piccolo importo, non un unico contratto; importo_somma n.d.: totale di cluster non in AT (somma atti non pubblicata)"
row-43a030899fe5977c923b69c2,R-351,3525c8d97e45ed1d034ab6cb9fd7212abfb41e40f260e6107163ecb78400284a,351,https://amministrazione-trasparente.ingv.it/web/trasparenza/pas/-/pas/igrid/11068,R-351,bassa,INGV,ingv,GANCI Gaetana,2,multi_incarico,2 oggetti,2000.00,600.00,n.d.,n.d.,n.d.,n.d.,n.d.–n.d. 2000.00; n.d.–n.d. 600.00,https://amministrazione-trasparente.ingv.it/web/trasparenza/pas/-/pas/igrid/11068,segnalazioni-card.tsv S-C8-2061 S-C8-2220,"incarichi seriali di piccolo importo, non un unico contratto; importo_somma n.d.: totale di cluster non in AT (somma atti non pubblicata)"
row-3204bf7d8fc5f139940be2ad,R-352,a57803ffe78c06e6c4967dc72c9a8fbab3f31a7ad95a9a0349bfa38e13fcaa4f,352,https://amministrazione-trasparente.ingv.it/web/trasparenza/pas/-/pas/igrid/11068,R-352,bassa,INGV,ingv,MANDIELLO ALFONSO GIOVANNI,3,multi_incarico,3 oggetti,1652.80,413.20,n.d.,n.d.,n.d.,n.d.,n.d.–n.d. 1652.80; n.d.–n.d. 464.85; n.d.–n.d. 413.20,https://amministrazione-trasparente.ingv.it/web/trasparenza/pas/-/pas/igrid/11068,segnalazioni-card.tsv S-C8-2108 S-C8-2244 S-C8-2254,"incarichi seriali di piccolo importo, non un unico contratto; importo_somma n.d.: totale di cluster non in AT (somma atti non pubblicata)"
row-2a676da6a7c1e3c49303303b,R-353,1831fd6a09710895e4f78d0eca7c659d26a922aae2b3c9735759cfa3ce88bd80,353,https://amministrazionetrasparente.anvur.it/pagina61_titolari-di-incarichi-di-collaborazione-o-consulenza.html,R-353,bassa,Agenzia Nazionale di Valutazione del Sistema Universitario e della Ricerca,anvsu_rm,Giangiacomo Minak,2,multi_incarico,2 oggetti; più frequente: Esperto della Valutazione dei nuovi corsi di dottorato,2000.00,500.00,n.d.,n.d.,2026-02-19,n.d.,2026-02-19–n.d. 2000.00; 2026-06-26–n.d. 500.00,https://amministrazionetrasparente.anvur.it/pagina61_titolari-di-incarichi-di-collaborazione-o-consulenza.html,nominativi-incarichi.tsv,"incarichi seriali di piccolo importo, non un unico contratto; importo_somma n.d.: totale di cluster non in AT (somma atti non pubblicata)"
row-b6df7fcd4bad584c5b59d4c8,R-354,08958e892925dc4896b877e51ed17b43b456fd568d90a780f5836f572315a81a,354,https://amministrazione-trasparente.ingv.it/web/trasparenza/pas/-/pas/igrid/11068,R-354,bassa,INGV,ingv,GARCIA Alexander,2,multi_incarico,2 oggetti,2000.00,361.55,n.d.,n.d.,n.d.,n.d.,n.d.–n.d. 2000.00; n.d.–n.d. 361.55,https://amministrazione-trasparente.ingv.it/web/trasparenza/pas/-/pas/igrid/11068,segnalazioni-card.tsv S-C8-2062 S-C8-2261,"incarichi seriali di piccolo importo, non un unico contratto; importo_somma n.d.: totale di cluster non in AT (somma atti non pubblicata)"
row-c957c3d783df0e66751ffeae,R-355,77e1e9fa03cdb0648829a9499d167d780dc6a3ffcc99e227afff8dbb2406a73f,355,https://amministrazione-trasparente.ingv.it/web/trasparenza/pas/-/pas/igrid/11068,R-355,bassa,INGV,ingv,DE PAOLA VALERIA,2,multi_incarico,2 oggetti,1800.00,500.00,n.d.,n.d.,n.d.,n.d.,n.d.–n.d. 1800.00; n.d.–n.d. 500.00,https://amministrazione-trasparente.ingv.it/web/trasparenza/pas/-/pas/igrid/11068,segnalazioni-card.tsv S-C8-2092 S-C8-2228,"incarichi seriali di piccolo importo, non un unico contratto; importo_somma n.d.: totale di cluster non in AT (somma atti non pubblicata)"
row-a9a1ba6975e8f6601df9114d,R-356,aaaa6585ddf2d1edeeeeccf4cf9890cb8e5c6623a9e8e6531651c4d9fbbef26d,356,https://amministrazione-trasparente.ingv.it/web/trasparenza/pas/-/pas/igrid/11068,R-356,bassa,INGV,ingv,CARLUCCIO IVANO,3,multi_incarico,3 oggetti,826.40,697.28,n.d.,n.d.,n.d.,n.d.,n.d.–n.d. 826.40; n.d.–n.d. 723.10; n.d.–n.d. 697.28,https://amministrazione-trasparente.ingv.it/web/trasparenza/pas/-/pas/igrid/11068,segnalazioni-card.tsv S-C8-2177 S-C8-2190 S-C8-2197,"incarichi seriali di piccolo importo, non un unico contratto; importo_somma n.d.: totale di cluster non in AT (somma atti non pubblicata)"
row-1312d70f54381af67cc7f3a5,R-357,28d95a5c1f10f5c5e984fa6cab71c9d346135826ec6967da8d0be4ef35dad4a6,357,https://amministrazione-trasparente.ingv.it/web/trasparenza/pas/-/pas/igrid/11068,R-357,bassa,INGV,ingv,AVALLONE Antonio,2,multi_incarico,2 oggetti,1620.00,619.80,n.d.,n.d.,n.d.,n.d.,n.d.–n.d. 1620.00; n.d.–n.d. 619.80,https://amministrazione-trasparente.ingv.it/web/trasparenza/pas/-/pas/igrid/11068,segnalazioni-card.tsv S-C8-2109 S-C8-2208,"incarichi seriali di piccolo importo, non un unico contratto; importo_somma n.d.: totale di cluster non in AT (somma atti non pubblicata)"
row-de26b5cd275da38b6047ca38,R-358,e84609a34d27b61349ec4c13e7258832ad8b21488144648ebe67fd824a797a57,358,https://amministrazione-trasparente.ingv.it/web/trasparenza/pas/-/pas/igrid/11068,R-358,bassa,INGV,ingv,GIAMMANCO Salvatore,3,multi_incarico,3 oggetti,1500.00,200.00,n.d.,n.d.,n.d.,n.d.,n.d.–n.d. 1500.00; n.d.–n.d. 300.00; n.d.–n.d. 200.00,https://amministrazione-trasparente.ingv.it/web/trasparenza/pas/-/pas/igrid/11068,segnalazioni-card.tsv S-C8-2123 S-C8-2267 S-C8-2295,"incarichi seriali di piccolo importo, non un unico contratto; importo_somma n.d.: totale di cluster non in AT (somma atti non pubblicata)"
row-81099a9713f425c4954ccdd0,R-359,0bd092f15a7d49349534b4d7dfbba0d3206e362c2c65d848b5db21310f95adb8,359,https://www.iss.it/documents/20126/9028926/2025_2_13_incarichi_dipendenti_DFP00013055.csv,R-359,bassa,ISS,iss_rm,ALANO PIETRO,2,multi_incarico,2 oggetti; più frequente: commissioni settimanali ISS,1500.00,500.00,n.d.,n.d.,2024-09-11,2024-09-30,2024-09-11–2024-09-12 1500.00; 2024-09-23–2024-09-30 500.00,https://www.iss.it/documents/20126/9028926/2025_2_13_incarichi_dipendenti_DFP00013055.csv,segnalazioni-card.tsv S-C8-1678 S-C8-1752,"commissioni ISS seriali (gettoni/settimane), non un unico contratto; importo_somma n.d.: totale di cluster non in AT (somma atti non pubblicata)"
row-51dc1a90f6f61e251d6b9752,R-360,336b46d9a1257827a4885308230df7e4f6d6f5a7ac5ea84c5f02fb7854c20079,360,https://amministrazione-trasparente.ingv.it/web/trasparenza/pas/-/pas/igrid/11068,R-360,bassa,INGV,ingv,FALCONE Giuseppe,2,multi_incarico,2 oggetti,1300.00,650.00,n.d.,n.d.,n.d.,n.d.,n.d.–n.d. 1300.00; n.d.–n.d. 650.00,https://amministrazione-trasparente.ingv.it/web/trasparenza/pas/-/pas/igrid/11068,segnalazioni-card.tsv S-C8-2131 S-C8-2199,"incarichi seriali di piccolo importo, non un unico contratto; importo_somma n.d.: totale di cluster non in AT (somma atti non pubblicata)"
row-035b220570639e6904112a83,R-361,82c75c496e1530f78ecb8010c366c9ef2b8fed01a1056bb60d4e2a54959fef1e,361,https://amministrazione-trasparente.ingv.it/web/trasparenza/pas/-/pas/igrid/11068,R-361,bassa,INGV,ingv,BILOTTA GIUSEPPE,2,multi_incarico,2 oggetti,1920.00,1.92,n.d.,n.d.,n.d.,n.d.,n.d.–n.d. 1920.00; n.d.–n.d. 1.92,https://amministrazione-trasparente.ingv.it/web/trasparenza/pas/-/pas/igrid/11068,segnalazioni-card.tsv S-C8-2075 S-C8-2327 S-C8-2076,"incarichi seriali di piccolo importo, non un unico contratto; importo_somma n.d.: totale di cluster non in AT (somma atti non pubblicata)"
row-6fa10a8171ee4017c8089a81,R-362,3f99bd129aa21f908aace709f1f24063e12f4c0bfad412e1d60671e57664df83,362,https://www.cnr.it/it/trasparenza/incarichi-altre-tipologie,R-362,bassa,CNR,cnr,BALZANO ANGELA,3,multi_incarico,3 oggetti; più frequente: incarichi extra-ruolo / altre tipologie,620.00,620.00,n.d.,n.d.,2024-05-15,2024-12-31,2024-05-15–2024-06-21 620.00; 2024-10-01–2024-12-31 620.00; 2025-06-04–n.d. 620.00,https://www.cnr.it/it/trasparenza/incarichi-altre-tipologie,segnalazioni-card.tsv S-C8-1423 S-C8-1424 S-C8-1425,"incarichi seriali di piccolo importo, non un unico contratto; importo_somma n.d.: totale di cluster non in AT (somma atti non pubblicata)"
row-247238c95a9acb9b444cb6a8,R-363,4ff5165e48b1a67c48811cc161af1ee139781f7196cd0f1da79dfb3df8917949,363,https://www.cnr.it/it/trasparenza/incarichi-altre-tipologie,R-363,bassa,CNR,cnr,YORDANOV VASIL,2,multi_incarico,2 oggetti; più frequente: incarichi extra-ruolo / altre tipologie,920.00,930.50,n.d.,n.d.,2024-11-14,2024-11-22,2024-11-14–2024-11-22 920.00; 2024-11-15–2024-11-21 930.50,https://www.cnr.it/it/trasparenza/incarichi-altre-tipologie,segnalazioni-card.tsv S-C8-1384 S-C8-1393,"incarichi seriali di piccolo importo, non un unico contratto; importo_somma n.d.: totale di cluster non in AT (somma atti non pubblicata)"
row-bd64f3688479cd60c45dca61,R-364,43b1403e4b4abb109981d1b450037970eec0354084f25177582c519b9d5838e7,364,https://www.iss.it/documents/20126/9028926/2025_2_13_incarichi_dipendenti_DFP00013055.csv,R-364,bassa,ISS,iss_rm,DI CONSIGLIO EMMA,2,multi_incarico,2 oggetti; più frequente: commissioni settimanali ISS,900.00,900.00,n.d.,n.d.,2024-09-16,2024-09-26,2024-09-16–2024-09-19 900.00; 2024-09-24–2024-09-26 900.00,https://www.iss.it/documents/20126/9028926/2025_2_13_incarichi_dipendenti_DFP00013055.csv,segnalazioni-card.tsv S-C8-1693 S-C8-1694,"commissioni ISS seriali (gettoni/settimane), non un unico contratto; importo_somma n.d.: totale di cluster non in AT (somma atti non pubblicata)"
row-5896f18516e6a9571cebdd0e,R-365,5b4793445ad637a48574f55e306ba8b852b46ced4887743907fe72d98c1db47f,365,https://amministrazione-trasparente.ingv.it/web/trasparenza/pas/-/pas/igrid/11068,R-365,bassa,INGV,ingv,QUINTILIANI MATTEO,2,multi_incarico,2 oggetti,1239.60,464.85,n.d.,n.d.,n.d.,n.d.,n.d.–n.d. 1239.60; n.d.–n.d. 464.85,https://amministrazione-trasparente.ingv.it/web/trasparenza/pas/-/pas/igrid/11068,segnalazioni-card.tsv S-C8-2140 S-C8-2246 S-C8-2141,"incarichi seriali di piccolo importo, non un unico contratto; importo_somma n.d.: totale di cluster non in AT (somma atti non pubblicata)"
row-74983079f60f04a7acea1e06,R-366,6155e6485323c112af45ce7c29e456328c424c14a55bef62fa2cd27b865c0f4b,366,https://www.iss.it/documents/20126/9028926/2025_2_13_incarichi_dipendenti_DFP00013055.csv,R-366,bassa,ISS,iss_rm,LUCIANI FRANCESCA,3,multi_incarico,3 oggetti; più frequente: commissioni settimanali ISS,464.82,619.76,n.d.,n.d.,2024-02-21,2024-10-17,2024-02-21–2024-02-23 464.82; 2024-04-22–2024-04-26 619.76; 2024-10-14–2024-10-17 619.76,https://www.iss.it/documents/20126/9028926/2025_2_13_incarichi_dipendenti_DFP00013055.csv,segnalazioni-card.tsv S-C8-1737 S-C8-1738 S-C8-1755,"commissioni ISS seriali (gettoni/settimane), non un unico contratto; importo_somma n.d.: totale di cluster non in AT (somma atti non pubblicata)"
row-7c68fda473bc45a2a06def5d,R-367,318b5eb78c2f17a118cefbea17cba1289ac44f3f10df096cf4d4802f4c166ded,367,https://www.corteconti.it/Home/Organizzazione/AmministrazioneTrasparente/ConsulentiCollaboratori/IncarichiDocenze/Anno2026,R-367,bassa,Corte dei conti,cdc,Cardarelli Francesco,2,multi_incarico,2 oggetti; più frequente: Incarico di docenza: Effetti del nuovo Codice dei contratti pubblici sulle funzioni della Corte dei conti. Il contributo,800.00,800.00,n.d.,n.d.,2026-01-15,n.d.,2026-01-15–n.d. 800.00; 2026-04-17–n.d. 800.00,https://www.corteconti.it/Home/Organizzazione/AmministrazioneTrasparente/ConsulentiCollaboratori/IncarichiDocenze/Anno2026,nominativi-incarichi.tsv,"incarichi seriali di piccolo importo, non un unico contratto; importo_somma n.d.: totale di cluster non in AT (somma atti non pubblicata)"
row-8f30cd183663eb53d210508f,R-368,97ecabf3cea978b1d9aac0411160b1a6c812f89d3950789199b5a2eb660b0e6b,368,https://www.corteconti.it/Home/Organizzazione/AmministrazioneTrasparente/ConsulentiCollaboratori/IncarichiDocenze/Anno2026,R-368,bassa,Corte dei conti,cdc,Foà Sergio,2,multi_incarico,2 oggetti; più frequente: Incarico di docenza: Effetti del nuovo Codice dei contratti pubblici sulle funzioni della Corte dei conti. Il contributo,800.00,800.00,n.d.,n.d.,2026-01-15,n.d.,2026-01-15–n.d. 800.00; 2026-04-17–n.d. 800.00,https://www.corteconti.it/Home/Organizzazione/AmministrazioneTrasparente/ConsulentiCollaboratori/IncarichiDocenze/Anno2026,nominativi-incarichi.tsv,"incarichi seriali di piccolo importo, non un unico contratto; importo_somma n.d.: totale di cluster non in AT (somma atti non pubblicata)"
row-bc78996b994d72fc79afc438,R-369,c04c6030b3ad012c6d121abba38e7cfdd17d1eb9d3d3bdcb9eba5bb451ffd03e,369,https://amministrazione-trasparente.ingv.it/web/trasparenza/pas/-/pas/igrid/11068,R-369,bassa,INGV,ingv,CURRENTI GILDA MARIA,2,multi_incarico,2 oggetti,1000.00,600.00,n.d.,n.d.,n.d.,n.d.,n.d.–n.d. 1000.00; n.d.–n.d. 600.00,https://amministrazione-trasparente.ingv.it/web/trasparenza/pas/-/pas/igrid/11068,segnalazioni-card.tsv S-C8-2154 S-C8-2216,"incarichi seriali di piccolo importo, non un unico contratto; importo_somma n.d.: totale di cluster non in AT (somma atti non pubblicata)"
row-bc50438c054258afdeed5a90,R-370,f6a789fa020836a9c363447adb571590b77ec37a3efa4ae6bf43afd57dd031a9,370,https://amministrazione-trasparente.ingv.it/web/trasparenza/pas/-/pas/igrid/11068,R-370,bassa,INGV,ingv,DI MAURO DOMENICO,2,multi_incarico,2 oggetti,1000.00,600.00,n.d.,n.d.,n.d.,n.d.,n.d.–n.d. 1000.00; n.d.–n.d. 600.00,https://amministrazione-trasparente.ingv.it/web/trasparenza/pas/-/pas/igrid/11068,segnalazioni-card.tsv S-C8-2156 S-C8-2219,"incarichi seriali di piccolo importo, non un unico contratto; importo_somma n.d.: totale di cluster non in AT (somma atti non pubblicata)"
row-c27cb30807f7da0d4729f989,R-371,8082b3e68a7c8f380cc8b04e91366edeff6bbd5ca2a4423104e433d5c466ee5a,371,https://www.cnr.it/it/trasparenza/incarichi-altre-tipologie,R-371,bassa,CNR,cnr,Gijbels Irène Maria,2,multi_incarico,2 oggetti; più frequente: incarichi extra-ruolo / altre tipologie,1150.00,413.51,n.d.,n.d.,2024-09-10,2025-03-13,2024-09-10–n.d. 1150.00; 2025-03-03–2025-03-13 413.51,https://www.cnr.it/it/trasparenza/incarichi-altre-tipologie,segnalazioni-card.tsv S-C8-1357 S-C8-1452,"incarichi seriali di piccolo importo, non un unico contratto; importo_somma n.d.: totale di cluster non in AT (somma atti non pubblicata)"
row-ab862c19c0c039f054ecfed8,R-372,388a5931eb88b9a1980e072a2205866bfbf7816f0c56b7f8157fd9ca7501171c,372,https://amministrazione-trasparente.ingv.it/web/trasparenza/pas/-/pas/igrid/11068,R-372,bassa,INGV,ingv,DELLA BINA EMILIANO,2,multi_incarico,2 oggetti,1033.00,413.20,n.d.,n.d.,n.d.,n.d.,n.d.–n.d. 1033.00; n.d.–n.d. 413.20,https://amministrazione-trasparente.ingv.it/web/trasparenza/pas/-/pas/igrid/11068,segnalazioni-card.tsv S-C8-2151 S-C8-2252,"incarichi seriali di piccolo importo, non un unico contratto; importo_somma n.d.: totale di cluster non in AT (somma atti non pubblicata)"
row-042b12f790ca8f6ea10b5cb3,R-373,3bf489bb41ad24b7419bac7165f2492fb427f79f1e2e56952add7508c7183a52,373,https://www.iss.it/documents/20126/9028926/2025_2_13_incarichi_dipendenti_DFP00013055.csv,R-373,bassa,ISS,iss_rm,BOSSU' ELENA,2,multi_incarico,2 oggetti; più frequente: commissioni settimanali ISS,774.70,619.76,n.d.,n.d.,2024-04-08,2024-09-27,2024-04-08–2024-04-12 774.70; 2024-09-24–2024-09-27 619.76,https://www.iss.it/documents/20126/9028926/2025_2_13_incarichi_dipendenti_DFP00013055.csv,segnalazioni-card.tsv S-C8-1697 S-C8-1729,"commissioni ISS seriali (gettoni/settimane), non un unico contratto; importo_somma n.d.: totale di cluster non in AT (somma atti non pubblicata)"
row-171518726eaea69ba2b5a05e,R-374,a617511f60507c14b2f9b0eb8fc8c8f371359d7aee492ab5cd348bdf94d1de4c,374,https://www.agcm.it/autorita-trasparente/personale/incarichi-conferiti-e-autorizzati-ai-dipendenti,R-374,bassa,Autorità Garante della Concorrenza e del Mercato,agcm_,MARIA CRISTINA OLIVERI,2,multi_incarico,DOCENZA,1050.00,300.00,n.d.,n.d.,2026-03-31,n.d.,2026-03-31–n.d. 1050.00; 2026-06-30–n.d. 300.00,https://www.agcm.it/autorita-trasparente/personale/incarichi-conferiti-e-autorizzati-ai-dipendenti,nominativi-incarichi.tsv,"incarichi seriali di piccolo importo, non un unico contratto; importo_somma n.d.: totale di cluster non in AT (somma atti non pubblicata)"
row-f216424a4e9570cef624faf2,R-375,65ac799026ff84d567289d38950e6fc55194c96dcb666068c881954809cbb948,375,https://amministrazione-trasparente.ingv.it/web/trasparenza/pas/-/pas/igrid/11068,R-375,bassa,INGV,ingv,BRUNI SERGIO,2,multi_incarico,2 oggetti,852.23,413.20,n.d.,n.d.,n.d.,n.d.,n.d.–n.d. 852.23; n.d.–n.d. 413.20,https://amministrazione-trasparente.ingv.it/web/trasparenza/pas/-/pas/igrid/11068,segnalazioni-card.tsv S-C8-2174 S-C8-2251,"incarichi seriali di piccolo importo, non un unico contratto; importo_somma n.d.: totale di cluster non in AT (somma atti non pubblicata)"
row-62dfe668a2965bec8e4ab5e6,R-376,7ed1ebfa33ae697c914265c6a0bb5c1a573a5ff784e47a1a213dcebb21ad055b,376,https://amministrazione-trasparente.ingv.it/web/trasparenza/pas/-/pas/igrid/11068,R-376,bassa,INGV,ingv,BAGLIONE ENRICO,2,multi_incarico,2 oggetti,640.00,616.00,n.d.,n.d.,n.d.,n.d.,n.d.–n.d. 640.00; n.d.–n.d. 616.00,https://amministrazione-trasparente.ingv.it/web/trasparenza/pas/-/pas/igrid/11068,segnalazioni-card.tsv S-C8-2202 S-C8-2211,"incarichi seriali di piccolo importo, non un unico contratto; importo_somma n.d.: totale di cluster non in AT (somma atti non pubblicata)"
row-df973e599638c33561ea0fe8,R-377,f5f67dbb0a65fe2c0f729a213a63305b03d0e685787736e7f607ab0a33bef3bb,377,https://www.iss.it/documents/20126/9028926/2025_2_13_incarichi_dipendenti_DFP00013055.csv,R-377,bassa,ISS,iss_rm,CHELUCCI CRISTIANA,2,multi_incarico,2 oggetti; più frequente: commissioni settimanali ISS,619.76,619.76,n.d.,n.d.,2024-04-05,2024-10-18,2024-04-05–2024-04-09 619.76; 2024-10-15–2024-10-18 619.76,https://www.iss.it/documents/20126/9028926/2025_2_13_incarichi_dipendenti_DFP00013055.csv,segnalazioni-card.tsv S-C8-1733 S-C8-1734,"commissioni ISS seriali (gettoni/settimane), non un unico contratto; importo_somma n.d.: totale di cluster non in AT (somma atti non pubblicata)"
row-670042abd8a342c4b45d58fe,R-378,dbe256c6966affb096ba510619dcb7609ff8e02d604dd80866e1469414d2ec00,378,https://amministrazione-trasparente.ingv.it/web/trasparenza/pas/-/pas/igrid/11068,R-378,bassa,INGV,ingv,SCOLLO SIMONA,2,multi_incarico,2 oggetti,1000.00,200.00,n.d.,n.d.,n.d.,n.d.,n.d.–n.d. 1000.00; n.d.–n.d. 200.00,https://amministrazione-trasparente.ingv.it/web/trasparenza/pas/-/pas/igrid/11068,segnalazioni-card.tsv S-C8-2161 S-C8-2297,"incarichi seriali di piccolo importo, non un unico contratto; importo_somma n.d.: totale di cluster non in AT (somma atti non pubblicata)"
row-db7b8d5823b962409ace896e,R-379,fdb5c30f5b66c1cfd5d660ee18118be09075b078d61354dd7ad0d393aabccff2,379,https://amministrazione-trasparente.ingv.it/web/trasparenza/pas/-/pas/igrid/11068,R-379,bassa,INGV,ingv,ROSSI ELISABETTA,2,multi_incarico,2 oggetti,800.00,280.00,n.d.,n.d.,n.d.,n.d.,n.d.–n.d. 800.00; n.d.–n.d. 280.00,https://amministrazione-trasparente.ingv.it/web/trasparenza/pas/-/pas/igrid/11068,segnalazioni-card.tsv S-C8-2183 S-C8-2271,"incarichi seriali di piccolo importo, non un unico contratto; importo_somma n.d.: totale di cluster non in AT (somma atti non pubblicata)"
row-de3aba8e202be1ccf76a1d15,R-380,4cb3ac11e15454e53dad08c59f41d9c56aa695e9f3e1a7ad5820b36f72775a29,380,https://www.iss.it/documents/20126/9028926/2025_2_13_incarichi_dipendenti_DFP00013055.csv,R-380,bassa,ISS,iss_rm,DI CARLO CHRISTIAN,3,multi_incarico,3 oggetti; più frequente: commissioni settimanali ISS,950.00,10.00,n.d.,n.d.,2024-01-09,2024-12-31,2024-01-09–2024-01-10 950.00; 2024-05-25–n.d. 112.50; 2024-06-25–2024-12-31 10.00,https://www.iss.it/documents/20126/9028926/2025_2_13_incarichi_dipendenti_DFP00013055.csv,segnalazioni-card.tsv S-C8-1689 S-C8-1770 S-C8-1775,"commissioni ISS seriali (gettoni/settimane), non un unico contratto; importo_somma n.d.: totale di cluster non in AT (somma atti non pubblicata)"
row-ceb7626bc12d4fefd667a965,R-381,ba58b6b9e3e06a85b1b3663e4d67e956bcbf491b1be5225299d8b241e09c4beb,381,https://www.iss.it/documents/20126/9028926/2025_2_13_incarichi_dipendenti_DFP00013055.csv,R-381,bassa,ISS,iss_rm,AURELI FEDERICA,3,multi_incarico,3 oggetti; più frequente: commissioni settimanali ISS,619.76,180.00,n.d.,n.d.,2024-01-16,2024-12-09,2024-01-16–2024-01-19 619.76; 2024-04-16–2024-05-16 225.00; 2024-10-30–2024-12-09 180.00,https://www.iss.it/documents/20126/9028926/2025_2_13_incarichi_dipendenti_DFP00013055.csv,segnalazioni-card.tsv S-C8-1728 S-C8-1765 S-C8-1767,"commissioni ISS seriali (gettoni/settimane), non un unico contratto; importo_somma n.d.: totale di cluster non in AT (somma atti non pubblicata)"
row-4a9f9bd52b4ee2aa1a6a6490,R-382,b0d2a2fe129d4d2d6509b98062143abebe1d824c9212b777a1fc125c68448a41,382,https://amministrazione-trasparente.ingv.it/web/trasparenza/pas/-/pas/igrid/11068,R-382,bassa,INGV,ingv,SIMONCELLI SIMONA,3,multi_incarico,3 oggetti,480.00,150.00,n.d.,n.d.,2024-12-09,n.d.,2024-12-09–n.d. 480.00; n.d.–n.d. 240.00; n.d.–n.d. 150.00,https://amministrazione-trasparente.ingv.it/web/trasparenza/pas/-/pas/igrid/11068,segnalazioni-card.tsv S-C8-2241 S-C8-2286 S-C8-2305,"incarichi seriali di piccolo importo, non un unico contratto; importo_somma n.d.: totale di cluster non in AT (somma atti non pubblicata)"
row-b35d3ff0f8ed7d4b81b1dd05,R-383,fe736b885cc1be36a3455f4c1cac305f92ac29e76ce4781aad5b93debcd12d30,383,https://www.agcm.it/autorita-trasparente/personale/incarichi-conferiti-e-autorizzati-ai-dipendenti,R-383,bassa,Autorità Garante della Concorrenza e del Mercato,agcm_,MICHELA ANGELI,2,multi_incarico,DOCENZA,450.00,400.00,n.d.,n.d.,2026-03-31,n.d.,2026-03-31–n.d. 450.00; 2026-06-30–n.d. 400.00,https://www.agcm.it/autorita-trasparente/personale/incarichi-conferiti-e-autorizzati-ai-dipendenti,nominativi-incarichi.tsv,"incarichi seriali di piccolo importo, non un unico contratto; importo_somma n.d.: totale di cluster non in AT (somma atti non pubblicata)"
row-119d02aa5fae72039fcca8b4,R-384,a40f642989d160055a876c6de9cc16ff889eb76720d5f9828a83a9fab1b4d6a8,384,https://www.cnr.it/it/trasparenza/incarichi-altre-tipologie,R-384,bassa,CNR,cnr,MEYAD CHAIMAE,2,multi_incarico,2 oggetti; più frequente: incarichi extra-ruolo / altre tipologie,370.00,460.00,n.d.,n.d.,2024-06-10,2025-06-30,2024-06-10–2024-06-19 370.00; 2025-05-14–2025-06-30 460.00,https://www.cnr.it/it/trasparenza/incarichi-altre-tipologie,segnalazioni-card.tsv S-C8-1446 S-C8-1460,"incarichi seriali di piccolo importo, non un unico contratto; importo_somma n.d.: totale di cluster non in AT (somma atti non pubblicata)"
row-2c262321049bbe6b19ecfefb,R-385,bb5c5818a41fb4c4c59377299949a19d567e0a282aba969804cc79358408b505,385,https://amministrazione-trasparente.ingv.it/web/trasparenza/pas/-/pas/igrid/11068,R-385,bassa,INGV,ingv,LUZI LUCIA,2,multi_incarico,2 oggetti,500.00,300.00,n.d.,n.d.,n.d.,n.d.,n.d.–n.d. 500.00; n.d.–n.d. 300.00,https://amministrazione-trasparente.ingv.it/web/trasparenza/pas/-/pas/igrid/11068,segnalazioni-card.tsv S-C8-2230 S-C8-2268 S-C8-2231 S-C8-2232,"incarichi seriali di piccolo importo, non un unico contratto; importo_somma n.d.: totale di cluster non in AT (somma atti non pubblicata)"
row-4b9610179a03c9f30262ccc9,R-386,694af35f42133cc84634f8be03cfc3f08efe046caa30d723d08452b725dfe43e,386,https://amministrazione-trasparente.ingv.it/web/trasparenza/pas/-/pas/igrid/11068,R-386,bassa,INGV,ingv,GIUDICEPIETRO FLORA,2,multi_incarico,2 oggetti,500.00,200.00,n.d.,n.d.,n.d.,n.d.,n.d.–n.d. 500.00; n.d.–n.d. 200.00,https://amministrazione-trasparente.ingv.it/web/trasparenza/pas/-/pas/igrid/11068,segnalazioni-card.tsv S-C8-2229 S-C8-2296,"incarichi seriali di piccolo importo, non un unico contratto; importo_somma n.d.: totale di cluster non in AT (somma atti non pubblicata)"
row-bdc579847fb074e32b30e222,R-387,14a8adb45b4d754be0bc254c04e7662ed297025de6bf4d03fbdc4b49e0c85725,387,https://amministrazione-trasparente.ingv.it/web/trasparenza/pas/-/pas/igrid/11068,R-387,bassa,INGV,ingv,AMICI Stefania,5,multi_incarico,5 oggetti,450.00,31.00,n.d.,n.d.,n.d.,n.d.,n.d.–n.d. 450.00; n.d.–n.d. 90.00; n.d.–n.d. 47.00; n.d.–n.d. 46.00; n.d.–n.d. 31.00,https://amministrazione-trasparente.ingv.it/web/trasparenza/pas/-/pas/igrid/11068,segnalazioni-card.tsv S-C8-2249 S-C8-2316 S-C8-2320 S-C8-2321 S-C8-2325,"incarichi seriali di piccolo importo, non un unico contratto; importo_somma n.d.: totale di cluster non in AT (somma atti non pubblicata)"
row-d5a109197386c0089b67c4f8,R-388,e38717c320838f42f45745c35772b58a4b5a898bcbaf5e234fcbd5c05e5d6885,388,https://amministrazione-trasparente.ingv.it/web/trasparenza/pas/-/pas/igrid/11068,R-388,bassa,INGV,ingv,FICELI PIETRO,2,multi_incarico,2 oggetti,413.20,232.43,n.d.,n.d.,n.d.,n.d.,n.d.–n.d. 413.20; n.d.–n.d. 232.43,https://amministrazione-trasparente.ingv.it/web/trasparenza/pas/-/pas/igrid/11068,segnalazioni-card.tsv S-C8-2253 S-C8-2287,"incarichi seriali di piccolo importo, non un unico contratto; importo_somma n.d.: totale di cluster non in AT (somma atti non pubblicata)"
row-337f5c0029b484f0fa277423,R-389,fc0f1ea23deabe82663b8a1a93ded9f95e54110a9c661583e520f7a4b49e9299,389,https://www.corteconti.it/Home/Organizzazione/AmministrazioneTrasparente/ConsulentiCollaboratori/IncarichiDocenze/Anno2026,R-389,bassa,Corte dei conti,cdc,Columbano Claudio,2,multi_incarico,"Incarico di docenza: MOD I SEZIONE II ""Il sistema dei bilanci pubblici e quadro istituzionale""",300.00,300.00,n.d.,n.d.,2026-04-24,n.d.,2026-04-24–n.d. 300.00; 2026-04-28–n.d. 300.00,https://www.corteconti.it/Home/Organizzazione/AmministrazioneTrasparente/ConsulentiCollaboratori/IncarichiDocenze/Anno2026,nominativi-incarichi.tsv,"incarichi seriali di piccolo importo, non un unico contratto; importo_somma n.d.: totale di cluster non in AT (somma atti non pubblicata)"
row-e26ecf7767e5c7234826d55c,R-390,4cf6250c1899bc4378f2b800f94bb43e5e7be8b358201c5d6057aa1afb5b9659,390,https://www.agcm.it/autorita-trasparente/personale/incarichi-conferiti-e-autorizzati-ai-dipendenti,R-390,bassa,Autorità Garante della Concorrenza e del Mercato,agcm_,CALOGERO ALBERTO VALENZA,2,multi_incarico,DOCENZA,280.00,300.00,n.d.,n.d.,2026-03-31,n.d.,2026-03-31–n.d. 280.00; 2026-06-30–n.d. 300.00,https://www.agcm.it/autorita-trasparente/personale/incarichi-conferiti-e-autorizzati-ai-dipendenti,nominativi-incarichi.tsv,"incarichi seriali di piccolo importo, non un unico contratto; importo_somma n.d.: totale di cluster non in AT (somma atti non pubblicata)"
row-2997ea1ca8d061d500a3aa1c,R-391,c3daf84d5d835a4964fe4219313eecaae51566fc6c924486d4f1d216919257bf,391,https://www.cnr.it/it/trasparenza/incarichi-altre-tipologie,R-391,bassa,CNR,cnr,Radici Emanuela,2,multi_incarico,2 oggetti; più frequente: incarichi extra-ruolo / altre tipologie,154.94,356.84,n.d.,n.d.,2024-04-17,2025-10-24,2024-04-17–n.d. 154.94; 2025-10-21–2025-10-24 356.84,https://www.cnr.it/it/trasparenza/incarichi-altre-tipologie,segnalazioni-card.tsv S-C8-1461 S-C8-1509,"incarichi seriali di piccolo importo, non un unico contratto; importo_somma n.d.: totale di cluster non in AT (somma atti non pubblicata)"
row-d46cc7f97cb51fa7948fabd0,R-392,c993093ad0d86d4131cb4dabb25f2d9fba9c3a67252340acd130dd7a4c0b432b,392,https://www.iss.it/documents/20126/9028926/2025_2_13_incarichi_dipendenti_DFP00013055.csv,R-392,bassa,ISS,iss_rm,BRANCHI IGOR,2,multi_incarico,2 oggetti; più frequente: commissioni settimanali ISS,270.00,180.00,n.d.,n.d.,2024-05-01,2024-12-09,2024-05-01–2024-05-15 270.00; 2024-11-01–2024-12-09 180.00,https://www.iss.it/documents/20126/9028926/2025_2_13_incarichi_dipendenti_DFP00013055.csv,segnalazioni-card.tsv S-C8-1764 S-C8-1768,"commissioni ISS seriali (gettoni/settimane), non un unico contratto; importo_somma n.d.: totale di cluster non in AT (somma atti non pubblicata)"
row-0ec4161a47c83d25e57d99e2,R-393,e5d8266a48d7295a221d8e452ae7d4a1646fd877f147f93d46db629dbd41d0a7,393,https://www.autorita-trasporti.it/trasparenza/incarichi-conferiti-ed-autorizzati-ai-dipendenti/,R-393,bassa,Autorità di regolazione dei trasporti,art,Stefania Maria Franco,2,multi_incarico,Traduzione dalla lingua tedesca alla lingua italiana (Procura della Repubblica di Torino),200.00,200.00,n.d.,n.d.,2025-01-14,2025-06-06,2025-01-14–2025-01-24 200.00; 2025-05-29–2025-06-06 200.00,https://www.autorita-trasporti.it/trasparenza/incarichi-conferiti-ed-autorizzati-ai-dipendenti/,nominativi-incarichi.tsv,"incarichi seriali di piccolo importo, non un unico contratto; importo_somma n.d.: totale di cluster non in AT (somma atti non pubblicata)"
row-a43d56543b235d6cf9f375ba,R-394,136326f8ce1488e98d63e96344b3451a57c7ee2748513c348c214d0c71b64987,394,https://www.ivass.it/chi-siamo/in-sintesi/amministrazione-trasparente/index.html,R-394,bassa,IVASS,IVsAPIC,Diana Cerini,2,multi_incarico,2 oggetti; più frequente: Membro supplente Commissione di esame della prova di idoneità per l'iscrizione nelle Sezioni A e B del Registro degli in,200.00,200.00,n.d.,n.d.,2025-05-13,n.d.,2025-05-13–n.d. 200.00; 2026-03-24–n.d. 200.00,https://www.ivass.it/chi-siamo/in-sintesi/amministrazione-trasparente/index.html,nominativi-incarichi.tsv,"incarichi seriali di piccolo importo, non un unico contratto; importo_somma n.d.: totale di cluster non in AT (somma atti non pubblicata)"
row-77546d1cf6eeccefa9ef165e,R-395,c793203d5f6155250180019b4a28918b48e08405cbf9a12729c2ec53b1b6b899,395,https://www.ivass.it/chi-siamo/in-sintesi/amministrazione-trasparente/index.html,R-395,bassa,IVASS,IVsAPIC,Flavio Pichler,2,multi_incarico,2 oggetti; più frequente: Membro supplente Commissione di esame della prova di idoneità per l'iscrizione nelle Sezioni A e B del Registro degli in,200.00,200.00,n.d.,n.d.,2025-05-13,n.d.,2025-05-13–n.d. 200.00; 2026-03-24–n.d. 200.00,https://www.ivass.it/chi-siamo/in-sintesi/amministrazione-trasparente/index.html,nominativi-incarichi.tsv,"incarichi seriali di piccolo importo, non un unico contratto; importo_somma n.d.: totale di cluster non in AT (somma atti non pubblicata)"
row-b90bbde6c9e0445a172ef9c1,R-396,b022d1686266d6337c990d3ed562206ce05c3b12da7742a05239218f7d2a263e,396,https://amministrazione-trasparente.ingv.it/web/trasparenza/pas/-/pas/igrid/11068,R-396,bassa,INGV,ingv,BONFORTE Alessandro,2,multi_incarico,2 oggetti,250.00,140.00,n.d.,n.d.,n.d.,n.d.,n.d.–n.d. 250.00; n.d.–n.d. 140.00,https://amministrazione-trasparente.ingv.it/web/trasparenza/pas/-/pas/igrid/11068,segnalazioni-card.tsv S-C8-2277 S-C8-2306 S-C8-2278 S-C8-2279 S-C8-2280 S-C8-2281 S-C8-2282 S-C8-2283 S-C8-2284,"incarichi seriali di piccolo importo, non un unico contratto; importo_somma n.d.: totale di cluster non in AT (somma atti non pubblicata)"
row-cca58f1d906822ea68de7d00,R-397,1555d3f6f138c92ad58be60ca9d459f2de038d9b45c3c6925b6bc3331fe7aacf,397,https://amministrazione-trasparente.ingv.it/web/trasparenza/pas/-/pas/igrid/11068,R-397,bassa,INGV,ingv,BIZZARRI Andrea,3,multi_incarico,3 oggetti,150.00,80.00,n.d.,n.d.,n.d.,n.d.,n.d.–n.d. 150.00; n.d.–n.d. 90.00; n.d.–n.d. 80.00,https://amministrazione-trasparente.ingv.it/web/trasparenza/pas/-/pas/igrid/11068,segnalazioni-card.tsv S-C8-2304 S-C8-2317 S-C8-2318,"incarichi seriali di piccolo importo, non un unico contratto; importo_somma n.d.: totale di cluster non in AT (somma atti non pubblicata)"
row-2bd43a03c498397232687721,R-398,b9842fef1204d7409a8c1c5f47db373585beab490fb70de595d838e1a7f97b41,398,https://amministrazione-trasparente.ingv.it/web/trasparenza/pas/-/pas/igrid/11068,R-398,bassa,INGV,ingv,RAPISARDA SALVATORE,3,multi_incarico,3 oggetti,154.95,51.65,n.d.,n.d.,n.d.,n.d.,n.d.–n.d. 154.95; n.d.–n.d. 103.30; n.d.–n.d. 51.65,https://amministrazione-trasparente.ingv.it/web/trasparenza/pas/-/pas/igrid/11068,segnalazioni-card.tsv S-C8-2303 S-C8-2311 S-C8-2319,"incarichi seriali di piccolo importo, non un unico contratto; importo_somma n.d.: totale di cluster non in AT (somma atti non pubblicata)"
row-2d5036ef372e5915ba8c8510,R-399,54b0490d01267546884718c413bc548364621a4d0a7a8235e1de74cb4e9c02de,399,https://amministrazione-trasparente.ingv.it/web/trasparenza/pas/-/pas/igrid/11068,R-399,bassa,INGV,ingv,BONO ANDREA,2,multi_incarico,2 oggetti,180.00,100.00,n.d.,n.d.,n.d.,n.d.,n.d.–n.d. 180.00; n.d.–n.d. 100.00,https://amministrazione-trasparente.ingv.it/web/trasparenza/pas/-/pas/igrid/11068,segnalazioni-card.tsv S-C8-2299 S-C8-2314,"incarichi seriali di piccolo importo, non un unico contratto; importo_somma n.d.: totale di cluster non in AT (somma atti non pubblicata)"
row-5736cbce86251e4978d88ca5,R-400,1fef75c45ef73cde0dda28612388c4014270983ed0d8496108de06c0de605614,400,http://www.inaf.it/it/amministrazione-trasparente/consulenti-e-collaboratori/incarichi/Consulenze%20e%20collaborazioni%202026%20aggiornate%20al%2013-7-2026.ods,R-400,bassa,INAF,inaf_rm,D'EUGENIO Natalina,3,multi_incarico,3 oggetti,40.00,40.00,n.d.,n.d.,2024-01-01,n.d.,2024-01-01–n.d. 40.00; 2025-01-01–n.d. 40.00; 2026-01-01–n.d. 40.00,http://www.inaf.it/it/amministrazione-trasparente/consulenti-e-collaboratori/incarichi/Consulenze%20e%20collaborazioni%202026%20aggiornate%20al%2013-7-2026.ods,segnalazioni-card.tsv S-C8-2322 S-C8-2323 S-C8-2324,"incarichi seriali di piccolo importo, non un unico contratto; importo_somma n.d.: totale di cluster non in AT (somma atti non pubblicata)"
row-9539e704743dcef7b011b1f9,R-401,6b1771ea60ce01d954f0817358833513a43660f0c988cb7d781f4e2d77a7341a,401,https://www.mimit.gov.it/images/stories/trasparenza/2024/FANTINI_-_ATTO_DI_NOMINA_2.pdf,R-401,alta,Ministero delle Imprese e del Made in Italy,m_svec,Fantini Rita,2,rinnovo,UDC Ministro: Segretario Particolare poi Capo della Segreteria,72925.35,149599.30,n.d.,149599.30,2024-03-15,n.d.,2024-03-15–n.d. 72925.35 annui; 2024-11-01–mandato 149599.30 annui,https://www.mimit.gov.it/images/stories/trasparenza/2024/FANTINI_-_ATTO_DI_NOMINA_2.pdf,AT UDC MIMIT (non in nominativi-incarichi né segnalazioni-card),"Due incarichi successivi UDC, non paralleli: non sommare i due lordo annuo. Non è CdG. Fine del primo non in un PDF a parte (secondo dal 1/11/2024). CoS: Fantini se ricompare."
row-0871d710f585169c6e08f4b1,R-402,207b99135156fd171cc216ad986d92c0393e25aee378cb76716dd5e904f0d22b,402,https://www.agenas.gov.it/images/agenas/delibere_a_contrarre/2026/gpi_proroga_ed_impegno_spesa___SITO.pdf,R-402,alta,AGENAS,agenas,GPI S.p.A.,2,proroga,Proroga CIG 9616902695 (trattamento economico personale) e CIG 8639356E18 (piattaforma personale + GPI score) fino al 31/12/2026,14696.02,46606.71,n.d.,n.d.,2026-06-01,2026-12-31,2026-06-01–2026-12-31 CIG 8639356E18 14696.02 IVA incl.; 2026-06-01–2026-12-31 CIG 9616902695 46606.71 IVA incl.,https://www.agenas.gov.it/images/agenas/delibere_a_contrarre/2026/gpi_proroga_ed_impegno_spesa___SITO.pdf,Del. AGENAS 130/29.05.2026; [riferimento interno rimosso],"Proroga art.106 c.11 d.lgs 50/2016. 46606.71=38202.22+IVA (non 107360 del contratto 2023). 14696.02=12134.02+2562.00 IVA incl. (parser 16200 era il contratto 2021, non questa proroga). Non sommare i due CIG. Non annualizzare. Skip AD."
row-b5e090c6f84a5dcc713c7199,R-403,29dc3f43714a581c4f471fcdceed5af1e91462c36600f55a54576449a6303b7c,403,https://www.agenas.gov.it/images/agenas/delibere_a_contrarre/2026/SITO_delibera_impegno_di_spesa_GESINF_2026.pdf,R-403,alta,AGENAS,agenas,Gesinf srl,2,proroga,"Proroga tecnica TeamGov CIG 9119492ADC, assistenza e manutenzione 01/01/2026-30/06/2026",21960.00,21960.00,n.d.,n.d.,2026-01-01,2026-06-30,2026-01-01–2026-06-30 CIG 9119492ADC 21960.00 IVA incl.,https://www.agenas.gov.it/images/agenas/delibere_a_contrarre/2026/SITO_delibera_impegno_di_spesa_GESINF_2026.pdf,Del. AGENAS 134/09.06.2026; [riferimento interno rimosso],Impegno 18000+IVA 3960=21960 IVA incl. (parser aveva 18000 netto). Proroga tecnica su del. 550/2023 e nota 24/12/2025. Non annualizzare i 6 mesi. Skip AD.
row-c502b237c210e46fd7a662a5,R-404,855a4c4c4d1baa7b05245373ba4e2d07b3d6c1246299781037fbb390673ca376,404,https://www.agenas.gov.it/images/agenas/delibere_a_contrarre/2026/Fantastic_proroga.SITO.pdf,R-404,alta,AGENAS,agenas,Fantastic Security Group srl,2,proroga,Proroga 2 mesi portierato/guardiania CIG B14A422C59 dal 28/02/2026,21317.30,21317.30,n.d.,n.d.,2026-02-28,2026-04-28,2026-02-28–2026-04-28 CIG B14A422C59 21317.30 IVA incl.,https://www.agenas.gov.it/images/agenas/delibere_a_contrarre/2026/Fantastic_proroga.SITO.pdf,Del. AGENAS 81/28.04.2026; [riferimento interno rimosso],"17473.20+IVA 3844.10=21317.30. Orig. del. 349/2024 dal 27/08/2024, 18 mesi. Non usare 210660 base RDO nuova. Non annualizzare i 2 mesi. Skip AD."
row-9f7e165013e90fac4b0780d7,R-405,ae2c9466a8685179aa421c8d68883c9891b62f7971c6a68a8d11fea42305b0e9,405,https://www.agcm.it/autorita-trasparente/bandi-di-gara-e-contratti/dettaglio?id=a6b0037c-d0e1-4651-af3a-f7fad7ca35a1&parent=Atti%20relativi%20alle%20singole%20procedure&parentUrl=/autorita-trasparente/bandi-di-gara-e-contratti/atti-relativi-alle-singole-procedure,R-405,media,Autorità Garante della Concorrenza e del Mercato,agcm_,n.d.,2,rinnovo,"Rinnovo servizio stampa, allestimento, consegna e trasporto pubblicazioni AGCM CIG B10C884A6F",n.d.,n.d.,n.d.,n.d.,2026-03-27,n.d.,2026-03-27–n.d. CIG B10C884A6F n.d.,https://www.agcm.it/autorita-trasparente/bandi-di-gara-e-contratti/dettaglio?id=a6b0037c-d0e1-4651-af3a-f7fad7ca35a1&parent=Atti%20relativi%20alle%20singole%20procedure&parentUrl=/autorita-trasparente/bandi-di-gara-e-contratti/atti-relativi-alle-singole-procedure,[riferimento interno rimosso],HTML AT: importo e contraente non stampati. Non sommare. Non AD. n_atti=2 da rinnovo di CIG esistente.
row-29d547d8cf094ba605cc09b3,R-406,0173e331be3d0c1e04ea3c6e399718b9684ae826256db9f758e2d8e832a9f27e,406,https://www.agcm.it/autorita-trasparente/bandi-di-gara-e-contratti/dettaglio?id=6c8b09bc-cfd7-4534-a789-927321d81878&parent=Atti%20relativi%20alle%20singole%20procedure&parentUrl=/autorita-trasparente/bandi-di-gara-e-contratti/atti-relativi-alle-singole-procedure,R-406,media,Autorità Garante della Concorrenza e del Mercato,agcm_,n.d.,2,rinnovo,Rinnovo servizio traduzione atti e documenti istituzionali AGCM CIG B127838B1F,n.d.,n.d.,n.d.,n.d.,2026-04-01,n.d.,2026-04-01–n.d. CIG B127838B1F n.d.,https://www.agcm.it/autorita-trasparente/bandi-di-gara-e-contratti/dettaglio?id=6c8b09bc-cfd7-4534-a789-927321d81878&parent=Atti%20relativi%20alle%20singole%20procedure&parentUrl=/autorita-trasparente/bandi-di-gara-e-contratti/atti-relativi-alle-singole-procedure,[riferimento interno rimosso],HTML AT: importo e contraente non stampati. Non sommare. Non AD. n_atti=2 da rinnovo di CIG esistente.
row-bc10a2b1cb9c8ca96a8c1959,R-407,500221e37e7df2437e0c64f8d4b4cb5dbd3c167c966cb9f91882623952b5cf90,407,https://www.agcm.it/autorita-trasparente/bandi-di-gara-e-contratti/dettaglio?id=311de156-8b3f-4653-80f7-84438f2ed131&parent=Atti%20relativi%20alle%20singole%20procedure&parentUrl=/autorita-trasparente/bandi-di-gara-e-contratti/atti-relativi-alle-singole-procedure,R-407,media,Autorità Garante della Concorrenza e del Mercato,agcm_,n.d.,2,rinnovo,Rinnovo biennale Accordo quadro materiali di consumo servizi igienici CIG B13A641A6E,n.d.,n.d.,n.d.,n.d.,2026-04-13,n.d.,2026-04-13–n.d. CIG B13A641A6E n.d.,https://www.agcm.it/autorita-trasparente/bandi-di-gara-e-contratti/dettaglio?id=311de156-8b3f-4653-80f7-84438f2ed131&parent=Atti%20relativi%20alle%20singole%20procedure&parentUrl=/autorita-trasparente/bandi-di-gara-e-contratti/atti-relativi-alle-singole-procedure,[riferimento interno rimosso],"AQ/rinnovo biennale. HTML AT: importo e contraente non stampati. Non sommare, non annualizzare il biennio. Non AD."
row-f1f5785e545a757f115cba40,R-408,b4e300d67d755e8b26ca3a3e31c958f0282f0f256307c154fe91971242f69df4,408,https://www.agcm.it/autorita-trasparente/bandi-di-gara-e-contratti/dettaglio?id=46b9c3b1-f7bf-4e64-b8bd-c3967728fc8a&parent=Atti%20relativi%20alle%20singole%20procedure&parentUrl=/autorita-trasparente/bandi-di-gara-e-contratti/atti-relativi-alle-singole-procedure,R-408,media,Autorità Garante della Concorrenza e del Mercato,agcm_,n.d.,2,proroga,Proroga contratto gestione piattaforme e contenuti social AGCM CIG B55906FDE8,n.d.,n.d.,n.d.,n.d.,2026-04-13,n.d.,2026-04-13–n.d. CIG B55906FDE8 n.d.,https://www.agcm.it/autorita-trasparente/bandi-di-gara-e-contratti/dettaglio?id=46b9c3b1-f7bf-4e64-b8bd-c3967728fc8a&parent=Atti%20relativi%20alle%20singole%20procedure&parentUrl=/autorita-trasparente/bandi-di-gara-e-contratti/atti-relativi-alle-singole-procedure,[riferimento interno rimosso],Proroga esplicita in titolo AT. Importo e contraente n.d. Non sommare. Non AD.
row-32c32bc1072346de1a22f771,R-409,1d1f9b89fa4618940bc1224eefcfc7dcad0b7d8f3ef47aa0367306d591269d73,409,https://www.agcm.it/autorita-trasparente/bandi-di-gara-e-contratti/dettaglio?id=449f6af4-256c-4a87-b0a4-0952b6e2eb5a&parent=Atti%20relativi%20alle%20singole%20procedure&parentUrl=/autorita-trasparente/bandi-di-gara-e-contratti/atti-relativi-alle-singole-procedure,R-409,media,Autorità Garante della Concorrenza e del Mercato,agcm_,n.d.,2,proroga,"Fornitura impianti, attivazione quinto d'obbligo CIG B74A276CE3",n.d.,n.d.,n.d.,n.d.,2026-04-16,n.d.,2026-04-16–n.d. CIG B74A276CE3 n.d.,https://www.agcm.it/autorita-trasparente/bandi-di-gara-e-contratti/dettaglio?id=449f6af4-256c-4a87-b0a4-0952b6e2eb5a&parent=Atti%20relativi%20alle%20singole%20procedure&parentUrl=/autorita-trasparente/bandi-di-gara-e-contratti/atti-relativi-alle-singole-procedure,[riferimento interno rimosso],Quinto d'obbligo su CIG esistente (non nuovo AD). Importo e contraente n.d. Non sommare. Non AD.
row-b9b0d75ac3ebbab12f593838,R-410,8026d5aeccab70498d56bd0f5924797f139f6f133115cea929b45fdbb7df4f4f,410,https://trasparenza.inrim.it/sites/trasparenza/files/2024-06/Determina%20%20465%20ANNO%202024.pdf,R-410,alta,Istituto Nazionale di Ricerca Metrologica - INRIM,inrm,Emanuela Del Ross,2,proroga,"Proroga somministrazione CAM VII livello CIG B211BE050E, 1/7/2024–31/12/2024 (3+3 mesi)",27293.42,27293.42,n.d.,n.d.,2024-07-01,2024-12-31,2024-07-01–2024-12-31 CIG B211BE050E 27293.42,https://trasparenza.inrim.it/sites/trasparenza/files/2024-06/Determina%20%20465%20ANNO%202024.pdf,Determina INRIM 465/2024; [riferimento interno rimosso],"Proroga lavoro somministrato, non AD (assente da master 6390, corretto). 27293.42 sul semestre, non annualizzare. TRANE B1F5A863FF 92410.83 già live AD: non re-ingerito. importo_somma n.d."
row-f3022664bf467376e9ec42c9,R-411,0cb6fcd7a6f6f1d070ae89de088d21ca1233e4740f703df1aa1fa9bba2f57458,411,http://gare.agcom.it/PortaleAppalti/it/ppgare_esiti_lista.wp?actionPath=/ExtStr2/do/FrontEnd/Esiti/view.action&currentFrame=7&codice=G01940,R-411,media,Autorità per le Garanzie nelle Comunicazioni - AGCOM,agcom,n.d.,2,proroga,Estensione e proroga gestione/manutenzione evolutiva piattaforma Piracy Shield CIG A03DC4B181 (det. 186/24/SRUS su 232/23/SAGC),n.d.,n.d.,n.d.,n.d.,n.d.,n.d.,2024–n.d. CIG A03DC4B181 n.d.,http://gare.agcom.it/PortaleAppalti/it/ppgare_esiti_lista.wp?actionPath=/ExtStr2/do/FrontEnd/Esiti/view.action&currentFrame=7&codice=G01940,[riferimento interno rimosso],Importo n.d. (non stampato). Non inventare euro. Non sommare. Non AD. n_atti=2 da estensione/proroga di CIG esistente.
row-7ae377a1738d700ca8ff33a7,R-412,0fe783545229a57ce79efe00f2a444df026cc0780406f720b44bffe8b8b5b2ac,412,http://gare.agcom.it/PortaleAppalti/it/ppgare_esiti_lista.wp?actionPath=/ExtStr2/do/FrontEnd/Esiti/view.action&currentFrame=7&codice=G01902,R-412,media,Autorità per le Garanzie nelle Comunicazioni - AGCOM,agcom,GfK Italia S.r.l.,2,proroga,Estensione servizio Sinottica Total Single Source Panel CIG Z853CB68C3 (det. 70/24/SAGC),n.d.,n.d.,n.d.,n.d.,n.d.,n.d.,2024–n.d. CIG Z853CB68C3 n.d.,http://gare.agcom.it/PortaleAppalti/it/ppgare_esiti_lista.wp?actionPath=/ExtStr2/do/FrontEnd/Esiti/view.action&currentFrame=7&codice=G01902,[riferimento interno rimosso],Importo n.d. (non stampato). Non inventare euro. Non sommare. Non AD. n_atti=2 da estensione/proroga di CIG esistente. Contraente da oggetto AT.
row-fd9b069ce0b3ff49044c2be9,R-413,c3eede0fb500cc4b1bc5c6d6ce0f582f751ef8b6dccc1ebf0365d56c5d8c67e4,413,http://gare.agcom.it/PortaleAppalti/it/ppgare_esiti_lista.wp?actionPath=/ExtStr2/do/FrontEnd/Esiti/view.action&currentFrame=7&codice=G01515,R-413,media,Autorità per le Garanzie nelle Comunicazioni - AGCOM,agcom,n.d.,2,proroga,"Quinto d'obbligo appalto specifico AQ Consip ID 1881 ROC/CNF CIG 8806254EAE (det. 60/25/SRUS, art. 120 d.lgs 36/2023)",n.d.,n.d.,n.d.,n.d.,n.d.,n.d.,2025–n.d. CIG 8806254EAE n.d.,http://gare.agcom.it/PortaleAppalti/it/ppgare_esiti_lista.wp?actionPath=/ExtStr2/do/FrontEnd/Esiti/view.action&currentFrame=7&codice=G01515,[riferimento interno rimosso],"Importo n.d. (non stampato). Non inventare euro. Non sommare. Non AD. n_atti=2 da estensione/proroga di CIG esistente. AQ Consip, non nuovo AD."
row-c0ef10d4b90b05854a5c4f1a,R-414,facc862f15ab037e84617c447806525d9b4caf5d27693415b7978084676c3a77,414,https://gare.agcom.it/PortaleAppalti/it/ppgare_esiti_lista.wp?actionPath=/ExtStr2/do/FrontEnd/Esiti/listAllInCorso.action&currentFrame=7,R-414,media,Autorità per le Garanzie nelle Comunicazioni - AGCOM,agcom,n.d.,2,proroga,"Quinto d'obbligo AQ Consip Servizi applicativi 2 lotto 6 sito web istituzionale CIG 9421733408 (già 92995306EC, det. 251/25/SRUS)",n.d.,n.d.,n.d.,n.d.,n.d.,n.d.,2025–n.d. CIG 9421733408 n.d.,https://gare.agcom.it/PortaleAppalti/it/ppgare_esiti_lista.wp?actionPath=/ExtStr2/do/FrontEnd/Esiti/listAllInCorso.action&currentFrame=7,[riferimento interno rimosso],"Importo n.d. (non stampato). Non inventare euro. Non sommare. Non AD. n_atti=2 da estensione/proroga di CIG esistente. AQ Consip, non nuovo AD."
row-7363c8e9a1ad16a3876eb0bc,R-415,955bdbd18209af8f0e29a8b67d3601dd81fb0f085c71d2e190aad16324dfa4e5,415,https://gare.agcom.it/PortaleAppalti/it/ppgare_esiti_lista.wp?actionPath=/ExtStr2/do/FrontEnd/Esiti/view.action&currentFrame=7&codice=G01790,R-415,media,Autorità per le Garanzie nelle Comunicazioni - AGCOM,agcom,RTI New Changer S.r.l. / Servizi Informativi Geografici S.r.l.,2,proroga,Estensione servizi GIS/WebGIS CIG 9684072D03 (det. 152/25/SRUS),n.d.,n.d.,n.d.,n.d.,n.d.,n.d.,2025–n.d. CIG 9684072D03 n.d.,https://gare.agcom.it/PortaleAppalti/it/ppgare_esiti_lista.wp?actionPath=/ExtStr2/do/FrontEnd/Esiti/view.action&currentFrame=7&codice=G01790,[riferimento interno rimosso],Importo n.d. (non stampato). Non inventare euro. Non sommare. Non AD. n_atti=2 da estensione/proroga di CIG esistente.
row-269d1b213daa9beb32111876,R-416,dfba2a0d2141cb3dcd22fbe07ef952e0e9df17c1128a72c3fcc4f9b010b2352c,416,https://gare.agcom.it/PortaleAppalti/it/ppgare_esiti_lista.wp?actionPath=/ExtStr2/do/FrontEnd/Esiti/view.action&currentFrame=7&codice=G01928,R-416,media,Autorità per le Garanzie nelle Comunicazioni - AGCOM,agcom,Inera,2,proroga,Ampliamento contratto portale segnalazioni AGCOM CIG A0307E49D3 (det. 223/25/SRUS),n.d.,n.d.,n.d.,n.d.,n.d.,n.d.,2025–n.d. CIG A0307E49D3 n.d.,https://gare.agcom.it/PortaleAppalti/it/ppgare_esiti_lista.wp?actionPath=/ExtStr2/do/FrontEnd/Esiti/view.action&currentFrame=7&codice=G01928,[riferimento interno rimosso],Importo n.d. (non stampato). Non inventare euro. Non sommare. Non AD. n_atti=2 da estensione/proroga di CIG esistente.
row-47536edc936d116963fec7b1,R-417,b40465586fe8ce2655d8e4bf518045d06daa007e6714a4cfaed3a6d045f789cc,417,http://gare.agcom.it/PortaleAppalti/it/ppgare_esiti_lista.wp?actionPath=/ExtStr2/do/FrontEnd/Esiti/view.action&currentFrame=7&codice=G02069,R-417,media,Autorità per le Garanzie nelle Comunicazioni - AGCOM,agcom,GfK Italia S.r.l.,2,proroga,Estensione servizio Sinottica Total Single Source Panel CIG B46AD4AF94 (det. 140/25/SRUS),n.d.,n.d.,n.d.,n.d.,n.d.,n.d.,2025–n.d. CIG B46AD4AF94 n.d.,http://gare.agcom.it/PortaleAppalti/it/ppgare_esiti_lista.wp?actionPath=/ExtStr2/do/FrontEnd/Esiti/view.action&currentFrame=7&codice=G02069,[riferimento interno rimosso],"Importo n.d. (non stampato). Non inventare euro. Non sommare. Non AD. n_atti=2 da estensione/proroga di CIG esistente. Stesso servizio di R-412, CIG e determina diversi. Non sommare."
row-709146391a4345ed7075a8f9,R-418,b62699005941d521acf23e31d9b2fe16a47c1667f2b858393ce37b180bd89ac7,418,https://www.avvocaturastato.it/consulenti-2025,R-418,alta,Avvocatura dello Stato,avvst,Maria Chiara Malaguti,2,rinnovo,Rinnovo incarico esperta part-time supporto Agente del Governo CEDU,40000.00,40000.00,n.d.,40000.00,2024-03-24,2026-03-23,2024-03-24–2025-03-24 40000.00; 2025-03-23–2026-03-23 40000.00,https://www.avvocaturastato.it/consulenti-2025,nominativi-incarichi.tsv; [riferimento interno rimosso],"Due rinnovi DAG 89/2024 e 51/2025. Compenso complessivo lordo 1 anno stampato, non sommare i due 40000. Cinnirella e CNEL 2019 esclusi."
row-eb5a46c7d7228dc169c6603f,R-419,24a87bd0849002e17df85092bfd089bca2a69ebb3acdbb8b111af06228e1f898,419,https://www.avvocaturastato.it/consulenti-2025,R-419,alta,Avvocatura dello Stato,avvst,Giovanna Vigliotti,2,rinnovo,Rinnovo incarico esperta part-time supporto Agente del Governo CEDU,20000.00,20000.00,n.d.,20000.00,2024-02-01,2026-04-01,2024-02-01–2025-02-01 20000.00; 2025-04-01–2026-04-01 20000.00,https://www.avvocaturastato.it/consulenti-2025,nominativi-incarichi.tsv; [riferimento interno rimosso],"Due rinnovi DAG 72/2024 e 66/2025. Compenso complessivo lordo 1 anno stampato, non sommare i due 20000."
row-bfd22b78c38f5c415a08e13d,R-420,0aed3aeb955b77216d7d914e3d2042428b4a2386eff260c198868491eca7b9b9,420,https://www.avvocaturastato.it/consulenti-2025,R-420,alta,Avvocatura dello Stato,avvst,Chiara Buffon,2,rinnovo,Rinnovo incarico esperta part-time supporto Agente del Governo CEDU,40000.00,40000.00,n.d.,40000.00,2024-05-24,2026-05-24,2024-05-24–2025-05-24 40000.00; 2025-05-24–2026-05-24 40000.00,https://www.avvocaturastato.it/consulenti-2025,nominativi-incarichi.tsv; [riferimento interno rimosso],"Due rinnovi DAG 143/2024 e 97/2025. Compenso complessivo lordo 1 anno stampato, non sommare i due 40000."
row-7354a1203eff493822d79965,R-421,34de4885ab00cbcdebde7914bab4cfddeadeeaf4c3be37d38c785e426ea8f76e,421,https://www.avvocaturastato.it/consulenti-2025,R-421,alta,Avvocatura dello Stato,avvst,Claudia Cantone,3,rinnovo,Rinnovo incarico esperta part-time supporto Agente del Governo CEDU,40000.00,40000.00,n.d.,40000.00,2023-10-27,2026-09-25,2023-10-27–2024-10-27 40000.00; 2024-09-26–2025-09-26 40000.00; 2025-09-25–2026-09-25 40000.00,https://www.avvocaturastato.it/consulenti-2025,nominativi-incarichi.tsv; [riferimento interno rimosso],"Tre atti DAG 198/2023, 195/2024, 149/2025. Compenso complessivo lordo 1 anno stampato, non sommare i tre 40000."
row-774247944de8e0b561282e65,R-422,3440aaec9409d9b8d558cd5830f69dcb6c73aad85ec6de8d2932bd99ee457edd,422,https://www.avvocaturastato.it/consulenti-2025,R-422,alta,Avvocatura dello Stato,avvst,Ludovica Chiussi Curzi,2,rinnovo,Rinnovo incarico esperta part-time supporto Agente del Governo CEDU,31500.00,40000.00,n.d.,n.d.,2024-09-13,2026-09-18,2024-09-13–2025-06-15 31500.00; 2025-10-20–2026-09-18 40000.00,https://www.avvocaturastato.it/consulenti-2025,nominativi-incarichi.tsv; [riferimento interno rimosso],"Due rinnovi DAG 185/2024 (31500, durata <12 mesi) e 173/2025 (40000). Non sommare. importo_annuo n.d. (non etichettato annuo sul 31500)."
row-853b8dd3d0043d35042206f7,R-423,7310db12d55120287264be582fed7f97c4fbf78b5ecfcd3b29650c8458f95175,423,https://societatrasparente.sviluppolavoroitalia.it/page/10/details/254237/dell-emc-data-domain-dd6300-rinnovo-manutenzione-annuale.html,R-423,media,Sviluppo Lavoro Italia S.p.A.,ils_rm,n.d.,2,rinnovo,Rinnovo manutenzione annuale DELL EMC DATA DOMAIN DD6300 CIG BCA02DF7D6,n.d.,n.d.,n.d.,n.d.,2026-08-05,n.d.,2026-08-05–n.d. CIG BCA02DF7D6 n.d.,https://societatrasparente.sviluppolavoroitalia.it/page/10/details/254237/dell-emc-data-domain-dd6300-rinnovo-manutenzione-annuale.html,[riferimento interno rimosso],Importo e contraente n.d. in HTML. Non inventare euro. Non annualizzare (importo assente). O8IXJ574 skip (fuori census). Non AD. n_atti=2 da rinnovo di CIG esistente.
row-559a1d5519d4c345a952f35b,R-424,8fb80c9a13ae3c17e6d84325e647420b9042674475e126f86119a4c00783e45d,424,https://consap.portaletrasparenza.net/dettagli/attodigara/2014/rinnovo-del-servizio-di-manutenzione-hardware.html,R-424,media,Consap Concessionaria Servizi Assicurativi Pubblici,C58G5FHA,n.d.,2,rinnovo,Rinnovo del Servizio di Manutenzione Hardware CIG BC9A29847E,n.d.,n.d.,n.d.,n.d.,2026-08-01,n.d.,2026-08-01–n.d. CIG BC9A29847E n.d.,https://consap.portaletrasparenza.net/dettagli/attodigara/2014/rinnovo-del-servizio-di-manutenzione-hardware.html,[riferimento interno rimosso],Importo e contraente n.d. in HTML Maggioli. Non inventare euro. Non AD (0 AD in P3x4). n_atti=2 da rinnovo di CIG esistente.
row-667ca8e1378d931b06a15c60,R-425,4da11d2d68d330c7317aaef2c65bf77ae9a03cd864876af32207526641721066,425,https://www.corteconti.it/HOME/Organizzazione/AmministrazioneTrasparente/BandiGaraContratti/DettaglioBandoGara?Id=e88544a1-bf74-4413-abfa-6999cf2eef43,R-425,media,Corte dei conti,cdc,n.d.,2,proroga,Proroga tecnica CIG B698B78D68,n.d.,n.d.,n.d.,n.d.,2026-01-23,n.d.,2026-01-23–n.d. CIG B698B78D68 n.d.,https://www.corteconti.it/HOME/Organizzazione/AmministrazioneTrasparente/BandiGaraContratti/DettaglioBandoGara?Id=e88544a1-bf74-4413-abfa-6999cf2eef43,[riferimento interno rimosso],Importo e contraente n.d. in HTML. Non inventare euro. Non AD. 27 OOW 5Oeg non ingestiti. n_atti=2 da proroga di CIG esistente.
row-e46bee9b48276223204ca78a,R-426,3a1db5252c4c571a1c28170d35835cd224dd55694b1f050c4f0e3ac4ad75a8c1,426,https://www.corteconti.it/HOME/Organizzazione/AmministrazioneTrasparente/BandiGaraContratti/DettaglioBandoGara?Id=ff390c21-a130-41b4-8d16-260633092035,R-426,media,Corte dei conti,cdc,n.d.,2,proroga,Proroga 6 mesi adesione Convenzione quadro ACP Energy CIG BA5B428A0D,n.d.,n.d.,n.d.,n.d.,2026-02-06,n.d.,2026-02-06–n.d. CIG BA5B428A0D n.d.,https://www.corteconti.it/HOME/Organizzazione/AmministrazioneTrasparente/BandiGaraContratti/DettaglioBandoGara?Id=ff390c21-a130-41b4-8d16-260633092035,[riferimento interno rimosso],Importo e contraente n.d. in HTML. Non inventare euro. Non AD. 27 OOW 5Oeg non ingestiti. n_atti=2 da proroga di CIG esistente. Non annualizzare i 6 mesi (importo assente).
row-e500dc815e212e9f301e8e9d,R-427,5bc93d5d9421fdb857019da6117d58ca78ac866acea3c742afef05af2c872978,427,https://www.corteconti.it/HOME/Organizzazione/AmministrazioneTrasparente/BandiGaraContratti/DettaglioBandoGara?Id=0c3c9a93-2a64-412c-9d64-59a01302bbc3,R-427,media,Corte dei conti,cdc,n.d.,2,proroga,Proroga tecnica concessione distributori bevande/snack sede regionale Lombardia CIG ZEA3A70614,n.d.,n.d.,n.d.,n.d.,2026-04-16,n.d.,2026-04-16–n.d. CIG ZEA3A70614 n.d.,https://www.corteconti.it/HOME/Organizzazione/AmministrazioneTrasparente/BandiGaraContratti/DettaglioBandoGara?Id=0c3c9a93-2a64-412c-9d64-59a01302bbc3,[riferimento interno rimosso],Importo e contraente n.d. in HTML. Non inventare euro. Non AD. 27 OOW 5Oeg non ingestiti. n_atti=2 da proroga di CIG esistente.
row-4ef0862a3c3f1c10e1cd85ca,R-428,e2682e603e2b95246f4c1029c3ff819e18ebf92c7b2b240fadb40f7f0dc7aed0,428,https://www.corteconti.it/HOME/Organizzazione/AmministrazioneTrasparente/BandiGaraContratti/DettaglioBandoGara?Id=81ea5435-51c5-4065-84a5-b6094d6b6fc7,R-428,media,Corte dei conti,cdc,n.d.,2,proroga,Proroga manutenzione impianti sede Basilicata CIG 960990152D,n.d.,n.d.,n.d.,n.d.,2026-04-26,n.d.,2026-04-26–n.d. CIG 960990152D n.d.,https://www.corteconti.it/HOME/Organizzazione/AmministrazioneTrasparente/BandiGaraContratti/DettaglioBandoGara?Id=81ea5435-51c5-4065-84a5-b6094d6b6fc7,[riferimento interno rimosso],Importo e contraente n.d. in HTML. Non inventare euro. Non AD. 27 OOW 5Oeg non ingestiti. n_atti=2 da proroga di CIG esistente.
row-4a9c936884589c01cbd7d2a7,R-429,3aa7aa99f6f76095d2a0dd81ab9dcf3bc7c0a965b284b204fa55eb010b03144b,429,https://www.aifa.gov.it/documents/20142/3306401/CIGA0253AAF89_determina_rinnovo_03.08.2026.pdf,R-429,alta,Agenzia Italiana del Farmaco - AIFA,aifa_rm,n.d.,2,rinnovo,"Rinnovo 36 mesi contratto CIG A0253AAF89, art. 120 c.1 lett. a) d.lgs 36/2023",26402.06,26402.06,n.d.,n.d.,2026-07-31,n.d.,2026-07-31–n.d. CIG A0253AAF89 26402.06 (36 mesi),https://www.aifa.gov.it/documents/20142/3306401/CIGA0253AAF89_determina_rinnovo_03.08.2026.pdf,[riferimento interno rimosso],"Importo stampato sul rinnovo 36 mesi: non annualizzare. Stesso CIG in AD a 528.04 (nomina, parse diverso): AD non toccato. importo_somma n.d. n_atti=2 da rinnovo di CIG esistente."
row-ff0955a6fc6bd7dbe13ad305,R-430,3da3039e85a4d9af9de72ca3da2c75b196b6c91291cfde2c1d27c99d039fe357,430,https://www.avvocaturastato.it/new_amministrazione_aperta/proroga-del-servizio-di-telefonia-fissa,R-430,media,Avvocatura dello Stato,avvst,n.d.,2,proroga,Proroga del servizio di telefonia fissa CIG Z0428AF47D (AQ Consip),n.d.,n.d.,n.d.,n.d.,2026-08-19,n.d.,2026-08-19–n.d. CIG Z0428AF47D n.d.,https://www.avvocaturastato.it/new_amministrazione_aperta/proroga-del-servizio-di-telefonia-fissa,[riferimento interno rimosso],"Importo e contraente n.d. in HTML. Non inventare euro. AQ Consip, non nuovo AD. n_atti=2 da proroga di CIG esistente."
row-e20680462d55ddc9bdb6243e,R-431,b8c1e331f856a5b325870e542f965d7bd6c8b51ae54a6655ecaa51303b47c852,431,https://www.isinucleare.it/sites/default/files/contenuto_redazione/Determina%20n.18-2026_AdesioneConvenzioneConsip_TelefoniaFissa-TF5_signed_signed_signed_signed_1.pdf,R-431,media,Ispettorato Nazionale per La Sicurezza Nucleare e La Radioprotezione,inlsnr,n.d.,2,proroga,Adesione alla proroga convenzione Consip Servizi di Telefonia Fissa 5 CIG 605462636F,2334.00,2334.00,n.d.,n.d.,n.d.,n.d.,2026–n.d. CIG 605462636F 2334.00,https://www.isinucleare.it/sites/default/files/contenuto_redazione/Determina%20n.18-2026_AdesioneConvenzioneConsip_TelefoniaFissa-TF5_signed_signed_signed_signed_1.pdf,[riferimento interno rimosso],"Importo 2334 stampato. Contraente QC («da esercitare entro quindici giorni…») non è un nominativo: nome n.d. Data QC 2025-07-15 identica su tutte le determina ISIN 2026: non usata come inizio. AQ Consip, non nuovo AD. Non annualizzare. importo_somma n.d."
row-aa4a27a10cbca0ce322a63d2,R-432,585eba86396571250500604c8cedaa6fe10489f64999bf79bdbadcfa8c43c171,432,https://www.isinucleare.it/sites/default/files/contenuto_redazione/Determina%20n.35-2026_rinnovo%20associatura%20UNI_signed_signed_signed_signed.pdf,R-432,media,Ispettorato Nazionale per La Sicurezza Nucleare e La Radioprotezione,inlsnr,n.d.,2,rinnovo,Rinnovo quota associativa UNI 2026 socio contributo ordinario fascia agevolata 3 CIG BA1226E01B,552.00,552.00,n.d.,n.d.,n.d.,n.d.,2026–n.d. CIG BA1226E01B 552.00,https://www.isinucleare.it/sites/default/files/contenuto_redazione/Determina%20n.35-2026_rinnovo%20associatura%20UNI_signed_signed_signed_signed.pdf,[riferimento interno rimosso],Importo 552 stampato. Data QC 2025-07-15 non usata come inizio. Non AD. importo_somma n.d. n_atti=2 da rinnovo associatura.
row-7d8d9995971f4794f13e505a,R-433,ae7249e23fa949806da3804d1bd4cc6f7461f8a2b9c1e790fb3cd293e112402f,433,https://www.isinucleare.it/sites/default/files/contenuto_redazione/Determina%20n.%20122-2026_rinnovo%20canva_signed_signed_signed_signed_0.pdf,R-433,media,Ispettorato Nazionale per La Sicurezza Nucleare e La Radioprotezione,inlsnr,DPS INFORMATICA S.N.C. DI PRESELLO GIANNI & C,2,rinnovo,"Rinnovo 3 abbonamenti annuali Canva, catalogo elettronico sottosoglia CIG BB7FCEFD29",626.49,626.49,n.d.,n.d.,n.d.,n.d.,2026–n.d. CIG BB7FCEFD29 626.49,https://www.isinucleare.it/sites/default/files/contenuto_redazione/Determina%20n.%20122-2026_rinnovo%20canva_signed_signed_signed_signed_0.pdf,[riferimento interno rimosso],"Importo 626.49 stampato. Non annualizzare (già canone annuale stampato, non calcolato). Data QC 2025-07-15 non usata come inizio. Non AD. importo_somma n.d."
row-8eab919bed16bf590e9d1569,R-434,784c03c806ea43cfd779f7dc15ed847d033a0b8880343c12399d0db4baa9a7cf,434,https://www.isinucleare.it/sites/default/files/contenuto_redazione/Determina%20n.%20120-2026_proroga%20SPC2.Fastweb_signed_signed_signed_signed_0.pdf,R-434,alta,Ispettorato Nazionale per La Sicurezza Nucleare e La Radioprotezione,inlsnr,n.d.,2,rinnovo,Rinnovo Contratto Quadro OPA 1367 SPC 2 Connettività linee Fastweb CIG Z57366C45A,21514.84,21514.84,n.d.,n.d.,n.d.,n.d.,2026–n.d. CIG Z57366C45A 21514.84,https://www.isinucleare.it/sites/default/files/contenuto_redazione/Determina%20n.%20120-2026_proroga%20SPC2.Fastweb_signed_signed_signed_signed_0.pdf,[riferimento interno rimosso],Importo 21514.84 stampato. Non annualizzare. Data QC 2025-07-15 non usata come inizio. Non AD. importo_somma n.d. n_atti=2 da rinnovo/proroga SPC2.
row-a371b2001dc33bad7067edb1,R-435,ad7c3bf90e659ec794b2228094339fcb415d4f9114031033bc2edb4e16bfdd5c,435,https://www.agenas.gov.it/images/agenas/delibere_a_contrarre/2026/deliberazione_n._112_del_20.05.2026.pdf,R-435,media,AGENAS,agenas,n.d.,2,proroga,Estensione polizze All risks ed RCT sedi Via Puglie 23 e Via Toscana 8 ai locali adiacenti CIG B79B8D8F85,8623.80,8623.80,n.d.,n.d.,2026-05-20,n.d.,2026-05-20–n.d. CIG B79B8D8F85 8623.80,https://www.agenas.gov.it/images/agenas/delibere_a_contrarre/2026/deliberazione_n._112_del_20.05.2026.pdf,[riferimento interno rimosso],"Estensione polizza, importo 8623.80 stampato. Non è la polizza 3121 LT10k skippata in PG9. Non AD. importo_somma n.d."
row-60562cc118ccca1453c76a66,R-436,9df4b365515c9827b03ea36ae74b0123a8b029f7381ea8ee3873950c0be0687f,436,https://www.agenas.gov.it/images/agenas/delibere_a_contrarre/2026/deliberazione_221.pdf,R-436,media,AGENAS,agenas,n.d.,2,rinnovo,Rinnovo abbonamento annuale The New England Journal of Medicine (NEJM AI) CIG BC54EAFDBA,2083.12,2083.12,n.d.,n.d.,2026-07-16,n.d.,2026-07-16–n.d. CIG BC54EAFDBA 2083.12,https://www.agenas.gov.it/images/agenas/delibere_a_contrarre/2026/deliberazione_221.pdf,[riferimento interno rimosso],Importo 2083.12 stampato. Non annualizzare (già abbonamento annuale). Non AD. importo_somma n.d.
row-aa51d1b29961b97089d459c7,R-437,978dcdfd1b178d58e7f89db2bcc8b4802936f25922c9a4952abf9a219a323557,437,https://www.isinucleare.it/sites/default/files/contenuto_redazione/Determina%20n.%2092-2026_integrazione%20determina%20n.%20191_2025_Brevetto_signed_signed_signed.pdf,R-437,media,Ispettorato Nazionale per La Sicurezza Nucleare e La Radioprotezione,inlsnr,n.d.,2,proroga,Rettifica/terzo atto integrativo incarico consulenza tecnica giuridica CIG B096B2923D (su det. 191/2025),3000.00,3000.00,n.d.,n.d.,n.d.,n.d.,2026–n.d. CIG B096B2923D 3000.00,https://www.isinucleare.it/sites/default/files/contenuto_redazione/Determina%20n.%2092-2026_integrazione%20determina%20n.%20191_2025_Brevetto_signed_signed_signed.pdf,[riferimento interno rimosso],"Terzo atto integrativo su incarico già conferito (stessa persona, più atti). Importo 3000 stampato. Data QC 2025-07-15 non usata come inizio. Non AD. importo_somma n.d."
row-17c43105bd2e81e8b1951206,R-438,bb93a66602137976889a97f330752be903fb6f2271e1ff2256843ff5aa030377,438,https://www.isinucleare.it/sites/default/files/contenuto_redazione/Determina%20n.%2097_2026%20integrazione%20determina%20n.%2064_2025_De%20Sanctis%20(1)_signed_signed%20(1)_2.pdf,R-438,media,Ispettorato Nazionale per La Sicurezza Nucleare e La Radioprotezione,inlsnr,n.d.,2,proroga,Integrazione contabile incarico professionale progettazione sicurezze De Sanctis CIG B69C490AEA (su det. 64/2025),7560.00,7560.00,n.d.,n.d.,n.d.,n.d.,2026–n.d. CIG B69C490AEA 7560.00,https://www.isinucleare.it/sites/default/files/contenuto_redazione/Determina%20n.%2097_2026%20integrazione%20determina%20n.%2064_2025_De%20Sanctis%20(1)_signed_signed%20(1)_2.pdf,[riferimento interno rimosso],"Integrazione su incarico già conferito (stessa persona, più atti). Importo 7560 stampato. Data QC 2025-07-15 non usata come inizio. Non AD. importo_somma n.d."
row-16a582571380b2fd7688bbe2,R-439,58435780ebf0c8227f2fb9a87ab34a2d0ac281d7f95cef49921cd58540dd7c6d,439,https://ansv.patisweb.it/media/ansv/file_archive/contratti/affidamenti_2025_PRECEDENTE%20SISTEMA.xlsx,R-439,media,Agenzia Nazionale per la Sicurezza del Volo - ANSV,ANSV,Fastweb S.p.A.,2,proroga,"Estensione Contratto Quadro OPA Consip Fastweb, servizi di connettività (CIG B61D7C546A fino al 30.04.2025; CIG B6AD9215C1 fino al 31.12.2025)",3665.00,7330.00,n.d.,n.d.,2025-03-19,2025-12-31,2025-03-19–2025-04-30 CIG B61D7C546A 3665.00; 2025-05-02–2025-12-31 CIG B6AD9215C1 7330.00,https://ansv.patisweb.it/media/ansv/file_archive/contratti/affidamenti_2025_PRECEDENTE%20SISTEMA.xlsx,[riferimento interno rimosso],Due estensioni successive dello stesso OPA Consip Fastweb 23.5.2016. Non sommare 3665+7330. Non annualizzare. IPA ANSV da census. Skip 4 AGCM già live R-405/406/408/409 (ipa agcm_ già allineato). Non AD. importo_somma n.d.
row-fa3108dce086a75187e4ec33,R-440,d5b07043d250fda15400ec2b92cc6a66b13aa3c97c1e6e326765687d3393a942,440,https://www.sportesalute.eu/images/atrasparente/2026/affidamenti_diretti/mar2026/2080557.pdf,R-440,media,Sport e salute S.p.A.,csspa,AEM ACOTEL ENGINEERING AND MANUFACT SPA,2,rinnovo,Rinnovo contratto di monitoraggio energetico per l’anno 2026 CIG BAEB4FFDA2,2016.00,2016.00,n.d.,n.d.,2026-03-01,n.d.,2026-03-01–n.d. CIG BAEB4FFDA2 2016.00,https://www.sportesalute.eu/images/atrasparente/2026/affidamenti_diretti/mar2026/2080557.pdf,[riferimento interno rimosso],"Importo 2016 stampato (euro, non anno). Non annualizzare. IPA csspa da census. Skip 3 CIG t3RN di solo annullamento (BC13EE2B9E, BC1D12D52B, BC5317603A): non sono rinnovi. Non AD. importo_somma n.d. n_atti=2 da rinnovo di CIG esistente."
